engine,entry_time,exit_time,side,entry_price,exit_price,hold_bars,gross_return,exit_reason,entry_confidence,entry_base_confirms,entry_box_width_pct,entry_warmup,take_profit_target,early_favorable_excursion,early_adverse_excursion,net_return,weighted_return,fb_regime,fb_regime_ret,box_width_pct,event_base_confirms,event_confidence,reward_to_cost_ratio,expected_reward_rate,expected_cost_rate,blocked_reason,capture_recovery_used,capture_recovery_reason,capture_recovery_candidate_signal,effective_signal_input,reentry_strength,box_midline,box_upper_edge,box_lower_edge,box_width,box_width_pct_evt,h4_box_width_pct,box_confidence,h4_method_agreement,h4_transition_risk,atr,box_width_bucket,h4_width_bucket,reward_to_midline,reward_to_opposite_edge,reward_to_cost_midline,entry_stop_distance,stop_dist_box_ratio
false_break,2020-03-07 12:00:00+00:00,2020-03-07 16:00:00+00:00,-1,9077.1,9168.047000000002,4,-0.0100193894525786,price_stop,0.6229936223187185,3.0,0.0181330858240335,False,,0.0058829361800574,0.0127904286611362,-0.0116193894525786,-0.0116193894525786,down,-0.0769864350938561,0.0181330858240335,3.0,0.6229936223187185,2.8498627957535687,0.0045597804732057,0.0016,,False,,0,-1,0.4970761714300025,9035.710416666663,9118.008333333331,8953.412499999999,164.59583333333467,0.0181330858240335,0.0416291757873082,0.8306581630916245,1.0,0.0733896228499629,35.72857142857122,1.5-2.5%,4.0-5.0%,0.004559780473205932,0.013626323385222405,2.8498627957537073,98.7575000000008,0.6
false_break,2020-07-05 05:00:00+00:00,2020-07-05 07:00:00+00:00,1,9079.7,9045.986,2,-0.0037131182748328,price_stop,0.488542699999928,2.0,0.0061261201728397,False,,0.0003744617112899,0.003821712171107,-0.0053131182748328,-0.0053131182748328,down,-0.0726199352446709,0.0061261201728397,2.0,0.488542699999928,1.147362614770664,0.001835780183633,0.0016,,False,,0,1,0.400671181158992,9096.368333333334,9124.18,9068.556666666667,55.623333333332994,0.0061261201728397,0.0178709496574192,0.977085399999856,0.6666666666666666,0.0687834466764149,32.08571428571434,0.5-1.0%,<=2.0%,0.0018357801836330623,0.00489884027005294,1.147362614770664,35.29428571428578,0.6345230247669322
false_break,2020-07-05 22:00:00+00:00,2020-07-07 04:00:00+00:00,1,9069.8,9285.0,30,0.0237270943129948,time_stop_max,0.7343856749659423,3.0,0.0073129139194542,False,,0.0340911596727602,0.0013010209706938,0.0221270943129948,0.0221270943129948,down,-0.0628919770625614,0.0073129139194542,3.0,0.7343856749659423,0.4986787654266689,0.0007978860246826,0.0016,,False,,0,1,0.7817871142828182,9077.036666666669,9110.2,9043.873333333331,66.32666666666591,0.0073129139194542,0.018657685238496,0.9791808999545898,0.6666666666666666,0.0591941269352262,42.71428571428584,0.5-1.0%,<=2.0%,0.0007978860246828923,0.0044543429844099425,0.49867876542680767,46.98571428571443,0.7083985468747859
false_break,2020-07-10 15:00:00+00:00,2020-07-11 09:00:00+00:00,1,9240.3,9210.4,18,-0.0032358256766554,time_stop_early,0.4188617366730438,2.0,0.0182799800872266,False,,0.0082140190253565,0.0065798729478478,-0.0048358256766554,-0.0048358256766554,down,-0.0531800436506716,0.0182799800872266,2.0,0.4188617366730438,3.554825736177547,0.005687721177884,0.0016,,True,exec_conf_low,0,1,0.3777103529934045,9292.85625,9377.3125,9208.4,168.91250000000036,0.0182799800872266,0.0248330550158989,0.8377234733460877,0.6666666666666666,0.0431003476013871,37.01428571428577,1.5-2.5%,2.0-3.0%,0.005687721177884075,0.014827711221497175,3.554825736177547,101.34750000000021,0.6
false_break,2020-09-13 19:00:00+00:00,2020-09-15 01:00:00+00:00,1,10307.7,10710.9,30,0.0391163887191128,time_stop_max,0.7437380498415033,3.0,0.0152111204892136,False,,0.0432007140293178,0.0066067114875287,0.0375163887191128,0.0375163887191128,down,-0.1265105164144195,0.0152111204892136,3.0,0.7437380498415033,3.120088623068118,0.0049921417969089,0.0016,,False,,0,1,0.3436194525644659,10359.1575,10437.553333333331,10280.761666666664,156.79166666666788,0.0152111204892136,0.038168000479719,0.9916507331220044,0.6666666666666666,0.1194975153961614,62.935714285714184,1.5-2.5%,3.0-4.0%,0.004992141796908989,0.012597702041515557,3.120088623068118,94.07500000000073,0.6
false_break,2020-09-16 00:00:00+00:00,2020-09-16 07:00:00+00:00,-1,10716.3,10919.75175,7,-0.018985260770975,price_stop,0.4166035767496507,2.0,0.0363447505202356,False,,0.00403124212648,0.021080036953053,-0.020585260770975,-0.020585260770975,down,-0.0953655242275874,0.0363447505202356,2.0,0.4166035767496507,8.246236165934118,0.0131939778654945,0.0016,,True,exec_conf_low,0,-1,0.2739541377152315,10574.909375,10769.65,10380.16875,389.4812500000007,0.0363447505202356,0.0333239035128398,0.8332071534993014,1.0,0.0624714029599372,88.2928571428569,2.5-4.0%,3.0-4.0%,0.013193977865494588,0.0313663531256122,8.246236165934118,233.68875000000043,0.6
false_break,2020-09-25 08:00:00+00:00,2020-09-26 00:00:00+00:00,-1,10603.9,10650.1,16,-0.0043568875602373,time_stop_early,0.4944198493207608,2.0,0.0262962997890713,False,,0.0048944256358509,0.013768519129754,-0.0059568875602373,-0.0059568875602373,down,-0.066829178143673,0.0262962997890713,2.0,0.4944198493207608,7.8887052562422175,0.0126219284099875,0.0016,,False,,0,-1,0.0400224737905388,10470.058333333332,10609.48,10330.636666666664,278.84333333333416,0.0262962997890713,0.0425395948951675,0.9888396986415215,0.6666666666666666,0.0109659305688248,64.24999999999987,2.5-4.0%,4.0-5.0%,0.012621928409987548,0.02577007830452338,7.8887052562422175,167.3060000000005,0.6
false_break,2020-09-29 06:00:00+00:00,2020-09-29 17:00:00+00:00,1,10741.2,10644.786,11,-0.0089760920567535,price_stop,0.7385703493385437,3.0,0.0155834543626412,False,,0.0050087513499421,0.009700964510483,-0.0105760920567535,-0.0105760920567535,down,-0.0728515692435175,0.0155834543626412,3.0,0.7385703493385437,3.036448829429328,0.0048583181270869,0.0016,,False,,0,1,0.3764773824815204,10793.384166666669,10877.076666666668,10709.691666666666,167.38500000000204,0.0155834543626412,0.0350252718950334,0.984760465784725,0.6666666666666666,0.0273115661626139,50.03571428571403,1.5-2.5%,3.0-4.0%,0.004858318127087147,0.01265004530840752,3.0364488294294665,100.43100000000122,0.6
false_break,2020-09-30 12:00:00+00:00,2020-10-01 15:00:00+00:00,1,10727.0,10720.3,27,-0.0006245921506479,time_stop_early,0.6347342699903507,3.0,0.0166263090022063,False,,0.0214319008110375,0.0040085764892328,-0.0022245921506479,-0.0022245921506479,down,-0.0848284746572478,0.0166263090022063,3.0,0.6347342699903507,3.3483582121437983,0.00535737313943,0.0016,,False,,0,1,0.3555547248978488,10784.468541666669,10873.64375,10695.293333333331,178.35041666666802,0.0166263090022063,0.0333889492109252,0.8463123599871343,0.6666666666666666,0.0104568507418704,53.66428571428579,1.5-2.5%,3.0-4.0%,0.005357373139430299,0.013670527640533114,3.348358212143937,107.01025000000081,0.6
false_break,2021-07-09 12:00:00+00:00,2021-07-10 18:00:00+00:00,1,32989.9,33453.6,30,0.0140558170834101,time_stop_max,0.6263223545136463,3.0,0.0419168568763972,False,,0.0385936301716585,0.0011488364620687,0.0124558170834101,0.0124558170834101,down,-0.0538550004732172,0.0419168568763972,3.0,0.6263223545136463,8.399157614653735,0.0134386521834459,0.0016,,False,,0,1,0.3587948531984026,33433.23979166667,34124.65624999999,32741.823333333334,1382.832916666659,0.0419168568763972,0.0576746655924118,0.8350964726848618,1.0,0.0209074886980626,322.6428571428569,4.0-8.0%,5.0-6.0%,0.013438652183445976,0.03439708062164448,8.399157614653735,829.6997499999953,0.6
false_break,2021-07-12 13:00:00+00:00,2021-07-12 16:00:00+00:00,1,33571.5,33220.415,3,-0.0104578288131301,price_stop,0.4876616591942279,2.0,0.0169119143718133,False,,0.0002234037799919,0.0153761374975797,-0.0120578288131301,-0.0120578288131301,down,-0.0668880982822835,0.0169119143718133,2.0,0.4876616591942279,4.958617552586753,0.0079337880841388,0.0016,,False,,0,1,0.0617516255449022,33837.84916666667,34121.72833333333,33553.97,567.7583333333314,0.0169119143718133,0.0457391002724248,0.975323318388456,1.0,0.0138638796224719,273.57142857142907,1.5-2.5%,4.0-5.0%,0.007933788084138804,0.01638974527004544,4.958617552586753,340.65499999999884,0.6
false_break,2021-07-15 09:00:00+00:00,2021-07-15 10:00:00+00:00,1,32505.1,32113.32425,1,-0.0120527471073769,price_stop,0.6236924515307638,3.0,0.018698514489521,False,,0.0021935019427721,0.0213781837311682,-0.0136527471073769,-0.0136527471073769,down,-0.1893545281786034,0.018698514489521,3.0,0.6236924515307638,4.337208013768107,0.0069395328220289,0.0016,,False,,0,1,0.2577450122128141,32730.670208333333,33034.56875,32426.771666666667,607.7970833333311,0.018698514489521,0.0547015983401653,0.8315899353743517,1.0,0.0344269467189745,253.80000000000004,1.5-2.5%,5.0-6.0%,0.006939532822028971,0.016288790066789627,4.337208013768107,364.6782499999986,0.6
false_break,2021-07-16 12:00:00+00:00,2021-07-17 04:00:00+00:00,1,31723.9,31378.5,16,-0.0108876903533298,time_stop_early,0.6284192764678042,3.0,0.0376567036209292,False,,0.0165837113343567,0.017743720034422,-0.0124876903533298,-0.0124876903533298,down,-0.1879700210405607,0.0376567036209292,3.0,0.6284192764678042,9.20153555363623,0.0147224568858179,0.0016,,False,,0,1,0.2180698005847076,32190.95375,32788.2625,31593.645,1194.6174999999969,0.0376567036209292,0.0533644430008072,0.8378923686237388,0.6666666666666666,0.0637120514038738,306.91428571428565,2.5-4.0%,5.0-6.0%,0.01472245688581797,0.033550808696282575,9.20153555363623,716.7704999999982,0.6
false_break,2021-07-18 06:00:00+00:00,2021-07-19 12:00:00+00:00,-1,31891.9,30707.2,30,0.037147363437111,time_stop_max,0.4889851732217813,2.0,0.0178288217384351,False,,0.0384392275154507,0.0013388979646868,0.035547363437111,0.035547363437111,down,-0.1487321161648516,0.0178288217384351,2.0,0.4889851732217813,3.588277248036883,0.005741243596859,0.0016,,False,,0,-1,0.3559592797451033,31708.80083333333,31993.09833333333,31424.50333333333,568.5950000000012,0.0178288217384351,0.05865144061186,0.9779703464435626,0.6666666666666666,0.0828357350698295,219.1142857142851,1.5-2.5%,5.0-6.0%,0.005741243596859125,0.01465565446607664,3.588277248036953,341.15700000000066,0.6
false_break,2021-11-30 15:00:00+00:00,2021-12-01 13:00:00+00:00,-1,57221.7,57858.28571428571,22,-0.0111249004186473,price_stop,0.6251889613973135,3.0,0.0432461665184129,False,,0.0129601182768075,0.0205062065614967,-0.0127249004186473,-0.0127249004186473,down,-0.053667467105916,0.0432461665184129,3.0,0.6251889613973135,9.337344013139528,0.0149397504210232,0.0016,,False,,0,-1,0.3090832495101127,56366.82208333333,57604.13166666667,55129.5125,2474.619166666671,0.0432461665184129,0.0570531541887039,0.8335852818630847,0.6666666666666666,0.0553116720600193,774.7142857142868,4.0-8.0%,5.0-6.0%,0.014939750421023246,0.03656283368022972,9.337344013139528,1484.7715000000026,0.6
false_break,2021-12-01 21:00:00+00:00,2021-12-02 03:00:00+00:00,1,56974.5,56255.084285714285,6,-0.0126269772316688,price_stop,0.7305604915909271,3.0,0.0209991896959749,False,,0.007313798278177,0.0211322609237465,-0.0142269772316688,-0.0142269772316688,down,-0.0617265042562336,0.0209991896959749,3.0,0.7305604915909271,5.040623071140143,0.0080649969138242,0.0016,,False,,0,1,0.2318754170433558,57433.99916666668,58032.208333333336,56835.79000000001,1196.4183333333276,0.0209991896959749,0.0592068107879074,0.9740806554545696,1.0,0.02869291649569,671.7214285714284,1.5-2.5%,5.0-6.0%,0.00806499691382423,0.018564591761811577,5.040623071140143,738.8935714285714,0.6175879713995591
false_break,2021-12-02 14:00:00+00:00,2021-12-02 15:00:00+00:00,1,57114.7,56296.824,1,-0.0143198861238874,price_stop,0.7398117229099405,3.0,0.0232840815645241,False,,0.0047816061364238,0.0175226342780404,-0.0159198861238874,-0.0159198861238874,down,-0.0979292459460697,0.0232840815645241,3.0,0.7398117229099405,1.4639765827945128,0.0023423625324712,0.0016,,False,,0,1,0.7988013805929931,57248.48333333333,57913.41499999999,56583.551666666666,1329.863333333327,0.0232840815645241,0.0550551810538637,0.9864156305465872,1.0,0.0259471781504059,567.1785714285725,1.5-2.5%,5.0-6.0%,0.0023423625324712205,0.013984403314733385,1.4639765827945128,797.9179999999963,0.6
false_break,2021-12-03 13:00:00+00:00,2021-12-04 09:00:00+00:00,-1,56881.9,47481.5,20,0.1652617089091609,state_stop,0.4941845273537497,2.0,0.0154080940803077,False,,0.2718316371288582,0.0008456116972181,0.1636617089091609,0.1636617089091609,down,-0.0797774585363643,0.0154080940803077,2.0,0.4941845273537497,-0.2511142237981989,-0.0004017827580771,0.0016,,False,,0,-1,1.052152168332171,56904.754166666666,57342.975,56466.53333333334,876.4416666666584,0.0154080940803077,0.045800856419579,0.9883690547074994,0.6666666666666666,0.0268279912016919,454.8142857142853,1.5-2.5%,4.0-5.0%,-0.0004017827580771183,0.007302264282076698,-0.2511142237981989,525.864999999995,0.6
false_break,2021-12-16 07:00:00+00:00,2021-12-17 13:00:00+00:00,-1,48714.3,46944.8,30,0.036324036268611,time_stop_max,0.4966808311120781,2.0,0.0414855938947427,False,,0.0407744748461951,0.0151023416122164,0.034724036268611,0.034724036268611,down,-0.1991283418767446,0.0414855938947427,2.0,0.4966808311120781,12.440894750959524,0.0199054316015352,0.0016,,False,,0,-1,0.0403689699108889,47744.62083333333,48755.09166666667,46734.15,2020.9416666666657,0.0414855938947427,0.0500226551300429,0.9933616622241562,0.6666666666666666,0.0764223295603334,590.1142857142856,4.0-8.0%,5.0-6.0%,0.01990543160153535,0.040648228548906595,12.440894750959593,1212.5649999999994,0.6
false_break,2021-12-19 05:00:00+00:00,2021-12-19 14:00:00+00:00,-1,47624.9,48297.81800000001,9,-0.0141295414793523,price_stop,0.4927788801930953,2.0,0.0264295918031673,False,,0.0173207712772101,0.0159769364345121,-0.0157295414793523,-0.0157295414793523,down,-0.1556287985702837,0.0264295918031673,2.0,0.4927788801930953,6.596054969844264,0.0105536879517508,0.0016,,False,,0,-1,0.2013733673717892,47122.28166666666,47751.635,46492.92833333333,1258.7066666666651,0.0264295918031673,0.0590208366954425,0.9855577603861906,0.6666666666666666,0.046982061490377,401.57142857143015,2.5-4.0%,5.0-6.0%,0.010553687951750823,0.02376848385333452,6.596054969844264,755.223999999999,0.6
false_break,2021-12-19 22:00:00+00:00,2021-12-21 03:00:00+00:00,-1,47302.0,47850.750714285714,29,-0.0116010044878802,price_stop,0.4945926285956457,2.0,0.01936362803546,False,,0.0368060547122742,0.0172698828802164,-0.0132010044878802,-0.0132010044878802,down,-0.1820579106180994,0.01936362803546,2.0,0.4945926285956457,4.250139617070492,0.0068002233873127,0.0016,,False,,0,-1,0.2976292072064519,46980.33583333333,47438.305,46522.36666666667,915.9383333333316,0.01936362803546,0.0559017548182508,0.9891852571912914,0.6666666666666666,0.0489103130668624,523.5071428571438,1.5-2.5%,5.0-6.0%,0.006800223387312787,0.016482037405042727,4.2501396170704915,575.8578571428582,0.6287081085984966
false_break,2022-01-15 20:00:00+00:00,2022-01-17 02:00:00+00:00,-1,43489.6,42922.3,30,0.0130444979949227,time_stop_max,0.4966021583155317,2.0,0.0196987325705458,False,,0.0206049262352377,0.0007404069018801,0.0114444979949227,0.0114444979949227,down,-0.0927191555054867,0.0196987325705458,2.0,0.4966021583155317,5.444620667929834,0.0087113930686877,0.0016,,False,,0,-1,0.1155377090896456,43110.745,43539.09,42682.4,856.6900000000096,0.0196987325705458,0.0449919649921831,0.9932043166310636,0.6666666666666666,0.0914820416414607,280.721428571429,1.5-2.5%,4.0-5.0%,0.008711393068687623,0.0185607593539604,5.444620667929764,514.0140000000057,0.5999999999999999
false_break,2022-01-20 21:00:00+00:00,2022-01-22 00:00:00+00:00,-1,41326.8,36492.0,27,0.1169894596242632,state_stop,0.4891280115084501,2.0,0.0191196350390868,False,,0.1430839068110766,0.0054710260654102,0.1153894596242632,0.1153894596242632,down,-0.1579723757694054,0.0191196350390868,2.0,0.4891280115084501,-11.437493345722304,-0.0182999893531556,0.0016,,False,,0,-1,2.914261366992034,42083.08,42478.15666666666,41688.00333333333,790.1533333333355,0.0191196350390868,0.0346646150166492,0.9782560230169002,1.0,0.0134656560457962,419.9071428571427,1.5-2.5%,3.0-4.0%,-0.018299989353155688,-0.008740171833612198,-11.437493345722304,474.09200000000124,0.6
false_break,2022-03-15 13:00:00+00:00,2022-03-16 19:00:00+00:00,1,38721.3,40881.7,30,0.0557935813105447,time_stop_max,0.4944328623186509,2.0,0.0161131814617105,False,,0.0790572630567671,0.0012396278017525,0.0541935813105447,0.0541935813105447,down,-0.0890477669245101,0.0161131814617105,2.0,0.4944328623186509,2.6461803107505344,0.0042338884972008,0.0016,,False,,0,1,0.4744813732456528,38885.24166666667,39197.20333333333,38573.28,623.9233333333323,0.0161131814617105,0.0331274258349099,0.988865724637302,0.6666666666666666,0.1347398589382155,371.4071428571437,1.5-2.5%,3.0-4.0%,0.004233888497200855,0.01229047922805604,2.6461803107505344,408.5478571428581,0.6548045814542259
false_break,2022-04-24 03:00:00+00:00,2022-04-24 13:00:00+00:00,1,39777.0,39386.1435,10,-0.0098261935289237,price_stop,0.4172359589478611,2.0,0.0327788462344236,False,,0.0008924755511978,0.0104834452070291,-0.0114261935289237,-0.0114261935289237,down,-0.0954098479955608,0.0327788462344236,2.0,0.4172359589478611,6.948352953130426,0.0111173647250086,0.0016,,True,exec_conf_low,0,1,0.3216744332304489,40219.21541666667,40871.1375,39567.293333333335,1303.8441666666697,0.0327788462344236,0.0414330225966498,0.8344719178957223,1.0,0.0302819960233559,198.81428571428478,2.5-4.0%,4.0-5.0%,0.011117364725008683,0.02750678784222038,6.948352953130426,782.3065000000018,0.6
false_break,2022-04-24 18:00:00+00:00,2022-04-25 00:00:00+00:00,1,39662.4,39277.61214285714,6,-0.009701577744737,price_stop,0.6212593581267518,3.0,0.0194882726881547,False,,0.0034692807293557,0.0250514341038363,-0.011301577744737,-0.011301577744737,down,-0.1077155661141406,0.0194882726881547,3.0,0.6212593581267518,2.4188394844151806,0.0038701431750642,0.0016,,False,,0,1,0.6028233761921293,39815.89916666667,40202.375,39429.42333333333,772.9516666666677,0.0194882726881547,0.0436350653695306,0.8283458108356692,1.0,0.0272432273237449,268.67857142857144,1.5-2.5%,4.0-5.0%,0.003870143175064289,0.013614279519141625,2.4188394844151806,463.77100000000064,0.6
false_break,2022-04-27 06:00:00+00:00,2022-04-28 12:00:00+00:00,1,38648.3,39575.0,30,0.0239777687505011,time_stop_max,0.4944815679765703,2.0,0.0498798567250478,False,,0.0327905755233735,0.0059769769951071,0.0223777687505011,0.0223777687505011,down,-0.1760952659101615,0.0498798567250478,2.0,0.4944815679765703,13.45492287715966,0.0215278766034554,0.0016,,False,,0,1,0.1368108083339772,39480.31583333333,40444.20166666667,38516.43,1927.7716666666677,0.0498798567250478,0.0435951964272052,0.9889631359531406,0.6666666666666666,0.0529535627315708,379.61428571428615,4.0-8.0%,4.0-5.0%,0.021527876603455454,0.046467804965979465,13.454922877159659,1156.6630000000005,0.6
false_break,2022-05-02 16:00:00+00:00,2022-05-03 11:00:00+00:00,-1,38563.2,38564.9,19,-4.4083478549561406e-05,time_stop_early,0.9918710049926538,4.0,0.0195547827981078,False,,0.0135258484773047,0.0094053398058253,-0.0016440834785495,-0.0016440834785495,down,-0.1674863022274803,0.0195547827981078,4.0,0.9918710049926538,3.1472281216288893,0.0050355649946062,0.0016,,False,,0,-1,0.4849786830571753,38369.0125,38746.06,37991.965,754.0949999999939,0.0195547827981078,0.0507203748972831,0.9918710049926538,0.6666666666666666,0.0535845899291793,347.499999999999,1.5-2.5%,5.0-6.0%,0.005035564994606223,0.014812956393660315,3.1472281216288893,452.4569999999963,0.6
false_break,2022-05-04 05:00:00+00:00,2022-05-05 11:00:00+00:00,1,38082.1,39500.8,30,0.0372537228776774,time_stop_max,0.4954384136910177,2.0,0.016997662068706,False,,0.0521478594930426,0.0002179501655632,0.0356537228776774,0.0356537228776774,down,-0.1761882202277038,0.016997662068706,2.0,0.4954384136910177,4.07685522419543,0.0065229683587126,0.0016,,False,,0,1,0.2324864052072241,38330.50833333333,38654.16166666667,38006.855,647.3066666666709,0.016997662068706,0.0427715265153207,0.9908768273820356,0.6666666666666666,0.0661014328431919,250.82142857142858,1.5-2.5%,4.0-5.0%,0.0065229683587126885,0.015021799393065693,4.07685522419543,388.3840000000026,0.6
false_break,2022-05-05 13:00:00+00:00,2022-05-06 09:00:00+00:00,-1,39000.2,36391.6,20,0.0668868364777616,state_stop,0.6223820978431974,3.0,0.0278296436086653,False,,0.0888328777801139,0.0017384526233199,0.0652868364777616,0.0652868364777616,down,-0.1596939577996161,0.0278296436086653,3.0,0.6223820978431974,1.9874764531122024,0.0031799623249795,0.0016,,False,,0,-1,0.7714694180280943,38876.18083333333,39418.86166666666,38333.49999999999,1085.3616666666712,0.0278296436086653,0.0413195007020957,0.8298427971242632,1.0,0.0329546044387742,181.90714285714265,2.5-4.0%,4.0-5.0%,0.003179962324979524,0.017094784129312313,1.9874764531122024,651.2170000000027,0.6
false_break,2022-05-31 13:00:00+00:00,2022-06-01 05:00:00+00:00,-1,31392.5,31624.7,16,-0.0073966711794217,time_stop_early,0.6219008792718794,3.0,0.0682740569668976,False,,0.0050234928725013,0.0336863900613204,-0.0089966711794217,-0.0089966711794217,down,-0.172356973372001,0.0682740569668976,3.0,0.6219008792718794,20.709630750444656,0.0331354092007114,0.0016,,False,,0,-1,0.0293411385593504,30352.296666666665,31423.943333333333,29280.65,2143.293333333335,0.0682740569668976,0.0502167337334248,0.8292011723625059,1.0,0.0461645994456922,231.80714285714333,4.0-8.0%,5.0-6.0%,0.03313540920071145,0.06727243768416014,20.709630750444656,1285.9760000000008,0.6
false_break,2022-06-01 14:00:00+00:00,2022-06-02 20:00:00+00:00,-1,31182.0,30246.0,30,0.0300173176832788,time_stop_max,0.6156332047313626,3.0,0.0295680467363649,False,,0.0602911936373549,0.0018824963119747,0.0284173176832788,0.0284173176832788,down,-0.1972567403711742,0.0295680467363649,3.0,0.6156332047313626,-2.203453047163878,-0.0035255248754622,0.0016,,False,,0,-1,1.238468567565291,31291.932916666665,31752.928333333333,30830.9375,921.9908333333332,0.0295680467363649,0.055315576424529,0.8208442729751502,1.0,0.0428692718931651,244.63571428571387,2.5-4.0%,5.0-6.0%,-0.003525524875462205,0.011258498492720204,-2.203453047163878,553.1944999999998,0.6
false_break,2022-06-05 11:00:00+00:00,2022-06-06 17:00:00+00:00,1,29718.0,31347.0,30,0.0548152634766807,time_stop_max,0.6311005231870794,3.0,0.0162496915449672,False,,0.0687697691634698,0.0033010296789823,0.0532152634766807,0.0532152634766807,down,-0.169493893748428,0.0162496915449672,3.0,0.6311005231870794,3.0646584841959035,0.0049034535747134,0.0016,,False,,0,1,0.3964865657733629,29863.720833333333,30105.175,29622.266666666663,482.9083333333365,0.0162496915449672,0.0518837738161497,0.8414673642494392,0.6666666666666666,0.0104951422892685,125.26428571428603,1.5-2.5%,5.0-6.0%,0.0049034535747134456,0.01302829934719707,3.0646584841959035,289.7450000000019,0.6
false_break,2022-08-29 07:00:00+00:00,2022-08-30 13:00:00+00:00,1,19894.9,20271.8,30,0.018944553629322,time_stop_max,0.6128700844763759,3.0,0.0245889650111334,False,,0.0341092440776278,0.0063785191179649,0.017344553629322,0.017344553629322,down,-0.1668453452824657,0.0245889650111334,3.0,0.6128700844763759,7.632373749051207,0.0122117979984819,0.0016,,False,,0,1,0.0067253344780729,20137.8525,20382.45,19893.255,489.1949999999997,0.0245889650111334,0.0584181485733081,0.817160112635168,0.6666666666666666,0.1204922473413535,150.70000000000047,1.5-2.5%,5.0-6.0%,0.012211797998481932,0.024506280504048794,7.632373749051207,293.5169999999998,0.6
false_break,2022-08-30 13:00:00+00:00,2022-08-31 05:00:00+00:00,-1,20271.8,20353.0,16,-0.0040055643800747,time_stop_early,0.6248505676334972,3.0,0.0232071975190495,False,,0.0380627275328288,0.0091999723754181,-0.0056055643800747,-0.0056055643800747,down,-0.1451151061236711,0.0232071975190495,3.0,0.6248505676334972,5.077070322648535,0.0081233125162376,0.0016,,False,,0,-1,0.2999316259906237,20107.12583333333,20342.351666666666,19871.9,470.4516666666677,0.0232071975190495,0.0563323613731589,0.8331340901779962,0.6666666666666666,0.1314063383756401,135.76428571428525,1.5-2.5%,5.0-6.0%,0.008123312516237657,0.019726911275762316,5.077070322648535,282.2710000000006,0.6
false_break,2022-08-31 12:00:00+00:00,2022-09-01 18:00:00+00:00,-1,20304.0,19814.7,30,0.0240986997635933,time_stop_max,0.7451901447361617,3.0,0.027062647754137,False,,0.0369779353821906,0.005959416863672,0.0224986997635933,0.0224986997635933,down,-0.1226000492629995,0.027062647754137,3.0,0.7451901447361617,6.640984124638913,0.0106255745994222,0.0016,,False,,0,-1,0.2147424231394505,20088.25833333333,20362.998333333333,19813.518333333333,549.4799999999996,0.027062647754137,0.053220978806419,0.9935868596482156,0.6666666666666666,0.0819556387874449,182.88571428571387,2.5-4.0%,5.0-6.0%,0.01062557459942226,0.024156898476490718,6.640984124638913,329.6879999999997,0.6
false_break,2022-09-02 16:00:00+00:00,2022-09-03 22:00:00+00:00,-1,20131.0,19795.7,30,0.016655903829914,time_stop_max,0.7427624379419066,3.0,0.0176768830824765,False,,0.0238785952014306,0.0,0.0150559038299139,0.0150559038299139,down,-0.1411982526193644,0.0176768830824765,3.0,0.7427624379419066,1.0249014786481436,0.001639842365837,0.0016,,False,,0,-1,0.8144647607628678,20097.98833333333,20275.915,19920.061666666665,355.8533333333362,0.0176768830824765,0.0581118286490037,0.9903499172558754,0.6666666666666666,0.0533770874465026,154.95714285714243,1.5-2.5%,5.0-6.0%,0.0016398423658372518,0.010478283907075392,1.0249014786482824,213.5120000000017,0.6
false_break,2022-09-05 08:00:00+00:00,2022-09-05 10:00:00+00:00,1,19778.2,19653.255714285715,2,-0.0063172728415268,price_stop,0.6269133571150336,3.0,0.0097028546581589,False,,0.0015269336946739,0.0063807626578759,-0.0079172728415268,-0.0079172728415268,down,-0.1457276013838916,0.0097028546581589,3.0,0.6269133571150336,2.0010194304839746,0.0032016310887743,0.0016,,False,,0,1,0.3400640942132953,19841.5225,19937.475,19745.57,191.90499999999884,0.0097028546581589,0.0398205084714297,0.8358844761533781,0.6666666666666666,0.0743618000213771,109.67857142857169,0.5-1.0%,3.0-4.0%,0.0032016310887743593,0.008053058417853975,2.0010194304839746,120.64642857142887,0.6286778800522633
false_break,2022-09-06 01:00:00+00:00,2022-09-06 07:00:00+00:00,-1,19769.9,19942.82785714286,6,-0.0087470274074659,price_stop,0.7392218336733688,3.0,0.0096230464831217,False,,0.0050076125827647,0.0090238190380325,-0.0103470274074659,-0.0103470274074659,down,-0.136975776703903,0.0096230464831217,3.0,0.7392218336733688,-1.516088430728868,-0.0024257414891661,0.0016,,False,,0,-1,1.5041525037670054,19817.856666666667,19912.980000000003,19722.733333333334,190.24666666666965,0.0096230464831217,0.0299503391289261,0.9856291115644916,0.6666666666666666,0.1100941882947762,149.1928571428572,0.5-1.0%,2.0-3.0%,-0.002425741489166189,0.002385781752394678,-1.516088430728868,164.11214285714294,0.8626282170014737
false_break,2022-09-06 12:00:00+00:00,2022-09-07 18:00:00+00:00,-1,19852.3,19073.9,30,0.0392095626199482,time_stop_max,0.7417570118928253,3.0,0.0099399062073413,False,,0.0677805594314008,0.0027956458445621,0.0376095626199482,0.0376095626199482,down,-0.1411024630413997,0.0099399062073413,3.0,0.7417570118928253,0.9867664368024692,0.0015788262988839,0.0016,,False,,0,-1,0.6823257149613958,19820.956666666665,19919.621666666662,19722.291666666664,197.33000000000172,0.0099399062073413,0.0275509166758702,0.9890093491904336,0.6666666666666666,0.1110897469245155,165.10714285714312,0.5-1.0%,2.0-3.0%,0.0015788262988839508,0.006548779402554605,0.9867664368024692,181.61785714285745,0.9203763094453751
false_break,2022-09-11 18:00:00+00:00,2022-09-11 23:00:00+00:00,-1,21549.9,21825.1085,5,-0.0127707553167299,price_stop,0.6087098606400079,3.0,0.0308537974654177,False,,0.0044037327319385,0.0139258186812931,-0.0143707553167299,-0.0143707553167299,down,-0.1068583649008214,0.0308537974654177,3.0,0.6087098606400079,7.5923532417784125,0.0121477651868454,0.0016,,False,,0,-1,0.212559478264467,21288.116875,21620.565,20955.66875,664.8962500000052,0.0308537974654177,0.0509145871842266,0.8116131475200105,1.0,0.045888467526098,162.8785714285719,2.5-4.0%,5.0-6.0%,0.01214776518684546,0.02757466391955421,7.5923532417784125,398.9377500000031,0.6
false_break,2022-09-23 16:00:00+00:00,2022-09-24 22:00:00+00:00,1,18765.9,18887.3,30,0.006469180801347,time_stop_max,0.7426330824912583,3.0,0.032677001014251,False,,0.0342323043392536,0.0079772353044618,0.004869180801347,0.004869180801347,down,-0.1358769978864191,0.032677001014251,3.0,0.7426330824912583,9.280407991800605,0.0148486527868809,0.0016,,False,,0,1,0.0911863190624332,19044.54833333333,19351.155,18737.941666666666,613.2133333333331,0.032677001014251,0.0597982871911607,0.9901774433216776,0.6666666666666666,0.0933212401512873,196.87857142857163,2.5-4.0%,5.0-6.0%,0.014848652786880745,0.031187153294006453,9.280407991800464,367.9279999999999,0.6
false_break,2022-09-26 07:00:00+00:00,2022-09-27 13:00:00+00:00,1,18910.7,20195.4,30,0.0679350843702242,time_stop_max,0.6240324635383276,3.0,0.0151295078095116,False,,0.0779981703480039,0.005520684057174,0.0663350843702242,0.0663350843702242,down,-0.0668847637939031,0.0151295078095116,3.0,0.6240324635383276,2.2053142643228827,0.0035285028229166,0.0016,,False,,0,1,0.5335601306609059,18977.42645833333,19120.48125,18834.371666666662,286.1095833333311,0.0151295078095116,0.0479338452461702,0.8320432847177701,0.6666666666666666,0.0739436062706336,155.5,1.5-2.5%,4.0-5.0%,0.0035285028229166127,0.011093256727672696,2.2053142643228827,171.66574999999867,0.6
false_break,2022-10-09 10:00:00+00:00,2022-10-09 22:00:00+00:00,1,19489.8,19385.63,12,-0.0053448470481994,price_stop,0.6265260173794501,3.0,0.021197134740565,False,,0.0034530882820758,0.0085429301480774,-0.0069448470481994,-0.0069448470481994,down,-0.0750810320853839,0.021197134740565,3.0,0.6265260173794501,4.115687810632568,0.0065851004970121,0.0016,,False,,0,1,0.378680130347029,19618.142291666667,19824.70625,19411.57833333333,413.1279166666645,0.021197134740565,0.0378142442509489,0.8353680231726002,1.0,0.0290358582409712,78.70000000000047,1.5-2.5%,3.0-4.0%,0.0065851004970121085,0.01718366786729475,4.115687810632568,247.87674999999868,0.6
false_break,2022-10-13 15:00:00+00:00,2022-10-14 21:00:00+00:00,1,18958.5,19106.9,30,0.0078276234934198,time_stop_max,0.6100956141877547,3.0,0.0156657743668186,False,,0.0522984413323839,0.0028166785346942,0.0062276234934198,0.0062276234934198,down,-0.0899818077962472,0.0156657743668186,3.0,0.6100956141877547,1.992228365025328,0.0031875653840405,0.0016,,False,,0,1,0.5930535817250038,19018.931458333333,19167.43125,18870.431666666667,296.9995833333305,0.0156657743668186,0.0367632577171518,0.8134608189170063,0.6666666666666666,0.0420569927042378,220.81428571428583,1.5-2.5%,3.0-4.0%,0.003187565384040525,0.01102045256744999,1.992228365025328,242.89571428571443,0.8178318351817555
false_break,2022-10-15 09:00:00+00:00,2022-10-16 15:00:00+00:00,1,19108.0,19158.0,30,0.0026167050450072,time_stop_max,0.4968927789416197,2.0,0.0178674726118205,False,,0.0048147372828135,0.0076617123717814,0.0010167050450072,0.0010167050450072,down,-0.0508030023794503,0.0178674726118205,2.0,0.4968927789416197,4.378265429837436,0.0070052246877398,0.0016,,False,,0,1,0.2158684286320923,19241.85583333333,19412.56166666667,19071.15,341.41166666666686,0.0178674726118205,0.0444977829942616,0.9937855578832396,0.6666666666666666,0.0320928783545262,65.41428571428514,1.5-2.5%,4.0-5.0%,0.007005224687739675,0.01593896099365022,4.378265429837297,204.84700000000012,0.6
false_break,2022-11-20 01:00:00+00:00,2022-11-21 07:00:00+00:00,-1,16686.3,16042.3,30,0.0385945356370196,time_stop_max,0.7380395985179103,3.0,0.0081250287161724,False,,0.0471224897071249,0.0033680324577647,0.0369945356370196,0.0369945356370196,down,-0.1248642950422455,0.0081250287161724,3.0,0.7380395985179103,0.5788181522166369,0.0009261090435466,0.0016,,False,,0,-1,0.7720355026676521,16670.846666666668,16738.635000000002,16603.058333333334,135.57666666666773,0.0081250287161724,0.0345856179690088,0.9840527980238803,0.6666666666666666,0.2006670520575714,47.63571428571413,0.5-1.0%,3.0-4.0%,0.000926109043546619,0.004988623401632752,0.5788181522166369,81.34600000000064,0.6
false_break,2022-11-23 13:00:00+00:00,2022-11-23 19:00:00+00:00,-1,16396.5,16701.05625,6,-0.0185744671118837,price_stop,0.421902784496216,2.0,0.0351834995273381,False,,0.0043911810447351,0.0211752508157228,-0.0201744671118837,-0.0201744671118837,down,-0.1526531751281628,0.0351834995273381,2.0,0.421902784496216,7.871844791571338,0.0125949516665141,0.0016,,True,exec_conf_low,0,-1,0.2840421313560528,16189.986875,16478.43,15901.54375,576.8862499999996,0.0351834995273381,0.0371511618560761,0.8438055689924321,0.6666666666666666,0.0636185198051421,129.34285714285735,2.5-4.0%,3.0-4.0%,0.012594951666514143,0.030186701430183205,7.8718447915713385,346.1317499999997,0.6
false_break,2022-11-26 14:00:00+00:00,2022-11-27 15:00:00+00:00,-1,16575.1,16574.6,25,3.0165730523501463e-05,time_stop_early,0.8415085840203815,4.0,0.0086803900630061,False,,0.011951662433409,0.0015022533800701,-0.0015698342694764,-0.0015698342694764,down,-0.1941825925043633,0.0086803900630061,4.0,0.8415085840203815,0.6404875888130213,0.0010247801421008,0.0016,,False,,0,-1,0.7638861538104765,16558.114166666663,16630.05333333333,16486.174999999996,143.878333333334,0.0086803900630061,0.0222139159512556,0.8415085840203815,1.0,0.0395790615251208,59.23571428571476,0.5-1.0%,2.0-3.0%,0.001024780142100834,0.005364975173603903,0.6404875888130213,86.32700000000041,0.6
false_break,2022-12-01 15:00:00+00:00,2022-12-02 11:00:00+00:00,-1,16983.2,16991.7,20,-0.0005004946064346,time_stop_early,0.6168245782068574,3.0,0.0335045073955439,False,,0.0071953459889774,0.0039156342738706,-0.0021004946064346,-0.0021004946064346,down,-0.1693997623111571,0.0335045073955439,3.0,0.6168245782068574,5.620881039792233,0.0089934096636675,0.0016,,False,,0,-1,0.4631522524719335,16830.463125000002,17114.97,16545.95625,569.0137500000019,0.0335045073955439,0.0293172021638137,0.8224327709424766,1.0,0.0306743437070072,95.54285714285705,2.5-4.0%,2.0-3.0%,0.008993409663667573,0.025745663361439575,5.620881039792233,341.40825000000115,0.6
false_break,2022-12-04 00:00:00+00:00,2022-12-05 06:00:00+00:00,1,16950.0,17307.8,30,0.0211091445427729,time_stop_max,0.6270047337568319,3.0,0.0092725909537854,False,,0.028513274336283,0.0025781710914454,0.0195091445427729,0.0195091445427729,down,-0.1642382734494032,0.0092725909537854,3.0,0.6270047337568319,1.43560256882988,0.0022969641101278,0.0016,,False,,0,1,0.5045690850430363,16988.933541666665,17067.51875,16910.348333333335,157.1704166666641,0.0092725909537854,0.0322177342935659,0.8360063116757759,0.6666666666666666,0.0903431430344089,47.7857142857148,0.5-1.0%,3.0-4.0%,0.002296964110127808,0.006933259587020624,1.4356025688298801,94.30224999999845,0.6
false_break,2023-03-04 18:00:00+00:00,2023-03-06 00:00:00+00:00,1,22323.6,22449.2,30,0.0056263326703578,time_stop_max,0.6265560538187135,3.0,0.0334351127655632,False,,0.0154992922288519,0.0069657223745274,0.0040263326703578,0.0040263326703578,down,-0.0721001571189865,0.0334351127655632,3.0,0.6265560538187135,10.03485964218731,0.0160557754274996,0.0016,,False,,0,1,0.0395859861411024,22682.02270833333,23055.21875,22308.826666666668,746.3920833333286,0.0334351127655632,0.0430594823633433,0.8354080717582847,0.6666666666666666,0.0863386266514401,47.02857142857101,2.5-4.0%,4.0-5.0%,0.016055775427499697,0.032773331810281636,10.03485964218731,447.8352499999972,0.6
false_break,2023-05-10 17:00:00+00:00,2023-05-10 20:00:00+00:00,-1,27496.3,27829.85142857143,3,-0.012130774997779,price_stop,0.7293219151664541,1.0,0.0208186192324057,False,,0.0052225208482595,0.0179005902612352,-0.013730774997779,-0.013730774997779,down,-0.0569862713021172,0.0208186192324057,1.0,0.7293219151664541,-6.393038184531601,-0.0102288610952505,0.0016,,False,,0,-1,1.982664698466507,27777.555833333336,28063.77333333333,27491.338333333337,572.4349999999977,0.0208186192324057,0.0452400001657559,0.9724292202219388,0.6666666666666666,0.0493511538926044,251.44285714285772,1.5-2.5%,4.0-5.0%,-0.010228861095250563,0.00018044852095233654,-6.393038184531601,343.4609999999986,0.6
false_break,2023-05-10 21:00:00+00:00,2023-05-11 08:00:00+00:00,1,27508.1,27270.399999999998,11,-0.0086410911695102,price_stop,0.4881224320016221,2.0,0.0191860458071138,False,,0.0079503855228095,0.0086556323410195,-0.0102410911695102,-0.0102410911695102,down,-0.0587057764759425,0.0191860458071138,2.0,0.4881224320016221,4.664251166020261,0.0074628018656324,0.0016,,False,,0,1,0.2220594133195155,27713.3875,27977.27333333333,27449.501666666667,527.7716666666674,0.0191860458071138,0.0464340806035939,0.9762448640032444,0.6666666666666666,0.0521331217312278,344.6928571428577,1.5-2.5%,4.0-5.0%,0.007462801865632418,0.01705582476918921,4.664251166020261,379.16214285714346,0.7184207997596365
false_break,2023-05-12 21:00:00+00:00,2023-05-14 00:00:00+00:00,1,26747.0,26742.6,27,-0.0001645044304035,time_stop_early,0.4142177090805734,2.0,0.0389488384990215,False,,0.0115153101282385,0.007268104834187,-0.0017645044304035,-0.0017645044304035,down,-0.1069299988313661,0.0389488384990215,2.0,0.4142177090805734,6.0999588349471,0.0097599341359153,0.0016,,True,exec_conf_low,0,1,0.4988331096876956,27008.04895833333,27528.931249999998,26487.166666666664,1041.76458333333,0.0389488384990215,0.0591362423962948,0.8284354181611469,0.6666666666666666,0.0812360470029833,207.3714285714294,2.5-4.0%,5.0-6.0%,0.00975993413591536,0.029234353385426237,6.0999588349471,625.058749999998,0.6
false_break,2023-05-17 16:00:00+00:00,2023-05-18 17:00:00+00:00,1,26905.7,26659.812,25,-0.0091388813522785,price_stop,0.4217523489647832,2.0,0.0175459877770631,False,,0.0239465986761169,0.0204491984969727,-0.0107388813522785,-0.0107388813522785,down,-0.0865706807171446,0.0175459877770631,2.0,0.4217523489647832,4.017508565409278,0.0064280137046548,0.0016,,True,exec_conf_low,0,1,0.2672953171598856,27078.650208333333,27314.693749999995,26842.606666666667,472.08708333332834,0.0175459877770631,0.0409710404537992,0.8435046979295664,0.6666666666666666,0.0562235072411366,153.80000000000032,1.5-2.5%,4.0-5.0%,0.006428013704654845,0.015201007593186322,4.017508565409278,283.252249999997,0.6
false_break,2023-05-18 21:00:00+00:00,2023-05-19 13:00:00+00:00,1,26914.9,26866.7,16,-0.001790829614823,time_stop_early,0.492881619700973,2.0,0.0187715106997736,False,,0.0030057700381571,0.0064276664598419,-0.003390829614823,-0.003390829614823,down,-0.1141256586894342,0.0187715106997736,2.0,0.492881619700973,4.095663554388035,0.0065530616870208,0.0016,,False,,0,1,0.3018077455961139,27091.275,27343.891666666663,26838.65833333333,505.2333333333372,0.0187715106997736,0.0320904701876186,0.985763239401946,0.6666666666666666,0.0907321319175216,226.0857142857141,1.5-2.5%,3.0-4.0%,0.006553061687020856,0.01593881703690747,4.095663554388035,303.1400000000023,0.6
false_break,2023-05-26 17:00:00+00:00,2023-05-27 12:00:00+00:00,-1,26715.4,26714.6,19,2.9945275009990446e-05,time_stop_early,0.4897550656466642,2.0,0.0172203423244021,False,,0.0045741407577651,0.0039902078950717,-0.00157005472499,-0.00157005472499,down,-0.1011180759537965,0.0172203423244021,2.0,0.4897550656466642,5.242977053185327,0.0083887632850965,0.0016,,False,,0,-1,0.0257146893985657,26491.290833333333,26721.315,26261.266666666663,460.04833333333227,0.0172203423244021,0.0267816074770081,0.9795101312933284,1.0,0.0444590583647884,124.71428571428598,1.5-2.5%,2.0-3.0%,0.008388763285096523,0.01699893444729772,5.242977053185327,276.02899999999937,0.6
false_break,2023-05-30 13:00:00+00:00,2023-05-31 19:00:00+00:00,-1,27796.9,27007.9,30,0.0283844601376412,time_stop_max,0.6191858040717226,3.0,0.0200341734749802,False,,0.0354679838399246,0.0028852138188071,0.0267844601376412,0.0267844601376412,down,-0.0511999563093705,0.0200341734749802,3.0,0.6191858040717226,3.6180359065818974,0.005788857450531,0.0016,,False,,0,-1,0.4221016946109041,27635.98770833333,27914.43166666667,27357.543749999997,556.8879166666775,0.0200341734749802,0.0275496027852017,0.8255810720956303,1.0,0.0431062146354223,143.62142857142862,1.5-2.5%,2.0-3.0%,0.0057888574505312596,0.01580594418802117,3.618035906582037,334.13275000000647,0.6
false_break,2023-06-02 02:00:00+00:00,2023-06-03 08:00:00+00:00,1,26961.0,27151.0,30,0.0070472163495418,time_stop_max,0.6309523166222843,3.0,0.0268996111667469,False,,0.0129372055932643,0.0041096398501538,0.0054472163495418,0.0054472163495418,down,-0.0544744216060011,0.0268996111667469,3.0,0.6309523166222843,5.17700432260168,0.0082832069161626,0.0016,,False,,0,1,0.3841392825482579,27184.323541666665,27546.94375,26821.70333333333,725.2404166666638,0.0268996111667469,0.0311503422520258,0.8412697554963791,1.0,0.0237317735172591,179.43571428571445,2.5-4.0%,3.0-4.0%,0.008283206916162689,0.021733012499536297,5.17700432260168,435.1442499999983,0.6
false_break,2023-06-03 17:00:00+00:00,2023-06-04 09:00:00+00:00,-1,27157.5,27216.3,16,-0.0021651477492405,time_stop_early,0.6286258989671187,3.0,0.0096789100616773,False,,0.0089883089385988,0.0036343551505109,-0.0037651477492405,-0.0037651477492405,down,-0.058476227456473,0.0096789100616773,3.0,0.6286258989671187,1.9543979563656917,0.0031270367301851,0.0016,,False,,0,-1,0.3538452759125788,27072.5775,27204.005,26941.15,262.8550000000032,0.0096789100616773,0.0290396353561883,0.8381678652894917,1.0,0.0152197081381301,70.80000000000005,0.5-1.0%,2.0-3.0%,0.0031270367301851065,0.007966491761023597,1.9543979563656915,157.71300000000193,0.6
false_break,2023-06-04 15:00:00+00:00,2023-06-04 20:00:00+00:00,-1,27176.1,27260.7935,5,-0.0031164699864956,price_stop,0.6234868648270433,3.0,0.0064411069530457,False,,0.0009383244836455,0.003565633037853,-0.0047164699864956,-0.0047164699864956,down,-0.0743236108603758,0.0064411069530457,3.0,0.6234868648270433,1.2911256735390757,0.0020658010776625,0.0016,,False,,0,-1,0.3585571260586771,27119.959583333333,27207.481666666667,27032.4375,175.04416666666657,0.0064411069530457,0.0252054791162619,0.8313158197693911,0.6666666666666666,0.0195282440064742,68.91428571428567,0.5-1.0%,2.0-3.0%,0.0020658010776625213,0.005286354554185468,1.2911256735390757,105.02649999999994,0.6
false_break,2023-06-06 14:00:00+00:00,2023-06-07 20:00:00+00:00,1,26025.5,26358.9,30,0.0128105127663253,time_stop_max,0.6097529862861505,3.0,0.0525609818575369,False,,0.0528942767670168,0.0038423853528269,0.0112105127663253,0.0112105127663253,down,-0.1038266983922564,0.0525609818575369,3.0,0.6097529862861505,8.070199980147741,0.0129123199682363,0.0016,,False,,0,1,0.5086728020707727,26361.549583333333,27045.5125,25677.58666666667,1367.925833333327,0.0525609818575369,0.0344993220053069,0.8130039817148673,0.6666666666666666,0.0279843727023476,157.2928571428573,4.0-8.0%,3.0-4.0%,0.012912319968236385,0.03919281089700499,8.070199980147741,820.7554999999962,0.6
false_break,2023-06-14 18:00:00+00:00,2023-06-16 00:00:00+00:00,-1,25919.5,25490.0,30,0.016570535697062,time_stop_max,0.744207341896058,2.0,0.0089502755325784,False,,0.0439128841219931,0.0027816894616021,0.014970535697062,0.014970535697062,down,-0.0552224388999252,0.0089502755325784,2.0,0.744207341896058,-0.4184429998006778,-0.000669508799681,0.0016,,False,,0,-1,1.1496062992125888,25936.853333333333,26052.846666666668,25820.86,231.9866666666676,0.0089502755325784,0.0394481106664613,0.9922764558614106,0.6666666666666666,0.0397191477146884,108.29285714285756,0.5-1.0%,3.0-4.0%,-0.0006695087996810845,0.0038056289666080767,-0.4184429998006778,139.19200000000055,0.6
false_break,2023-08-27 17:00:00+00:00,2023-08-27 18:00:00+00:00,-1,26062.0,26114.124,1,-0.002,price_stop,0.7320452433554542,3.0,0.0032457856905328,False,,0.0011894712608395,0.0020451231678304,-0.0036,-0.0036,down,-0.1094451031782101,0.0032457856905328,3.0,0.7320452433554542,0.1457462013659816,0.0002331939221855,0.0016,,False,,0,-1,0.8563097231799969,26055.9225,26098.21833333333,26013.626666666667,84.59166666666715,0.0032457856905328,0.0195125864400722,0.9760603244739388,0.6666666666666666,0.1873608841397,41.42857142857143,<=0.5%,<=2.0%,0.00023319392218557056,0.0018560867674519699,0.1457462013659816,52.124,0.6161836272288409
false_break,2023-08-28 01:00:00+00:00,2023-08-28 05:00:00+00:00,1,26029.8,25947.912857142856,4,-0.0031458998093394,price_stop,0.4900235164981014,2.0,0.0028552530817244,False,,0.0012562524491159,0.0062159524852284,-0.0047458998093394,-0.0047458998093394,down,-0.1138761323442804,0.0028552530817244,2.0,0.4900235164981014,0.7347548130731685,0.001175607700917,0.0016,,False,,0,1,0.176529948646675,26060.400833333333,26097.56166666667,26023.24,74.32166666667035,0.0028552530817244,0.0164014282266311,0.9800470329962028,0.6666666666666666,0.2210993920912033,69.44999999999943,<=0.5%,<=2.0%,0.0011756077009170696,0.0026032342417794396,0.7347548130731685,76.39499999999938,1.027896755096032
false_break,2023-08-28 11:00:00+00:00,2023-08-29 06:00:00+00:00,1,26006.1,26013.1,19,0.0002691676183663,time_stop_early,0.4917319072043556,2.0,0.0040841059084855,False,,0.0095977482206097,0.0035030242904549,-0.0013308323816336,-0.0013308323816336,down,-0.1116284471833272,0.0040841059084855,2.0,0.4917319072043556,0.8105269853354857,0.0012968431765367,0.0016,,False,,0,1,0.3649316616191274,26039.82583333333,26092.931666666664,25986.72,106.21166666666612,0.0040841059084855,0.0164011693065385,0.9834638144087112,0.6666666666666666,0.2044288087722938,71.08571428571433,<=0.5%,<=2.0%,0.0012968431765367772,0.003338896130779423,0.8105269853354857,78.19428571428577,0.7362118321680245
false_break,2023-08-29 12:00:00+00:00,2023-08-30 18:00:00+00:00,1,26049.8,27279.9,30,0.0472210919085751,time_stop_max,0.4945631114382011,2.0,0.0060480950589513,False,,0.081624427058941,0.001527842824129,0.0456210919085751,0.0456210919085751,down,-0.1115772098194493,0.0060480950589513,2.0,0.4945631114382011,0.0826741792003815,0.0001322786867206,0.0016,,False,,0,1,0.9562577355576282,26053.24583333333,26132.021666666667,25974.47,157.55166666666992,0.0060480950589513,0.0094570059689695,0.9891262228764024,0.6666666666666666,0.2373395157999276,69.97142857142873,0.5-1.0%,<=2.0%,0.00013227868672038845,0.0031563262161962147,0.08267417920024278,94.53100000000195,0.6
false_break,2023-08-31 11:00:00+00:00,2023-09-01 17:00:00+00:00,-1,27303.7,25483.2,30,0.0666759450184407,time_stop_max,0.4223167975603268,2.0,0.0337195447259285,False,,0.0724700315341877,0.0005164135263717,0.0650759450184407,0.0650759450184407,down,-0.0541814755540774,0.0337195447259285,2.0,0.4223167975603268,7.447269814469664,0.0119156317031514,0.0016,,True,exec_conf_low,0,-1,0.2932507363310314,26978.359166666665,27438.693333333333,26518.025,920.6683333333348,0.0337195447259285,0.0219496047974472,0.8446335951206536,1.0,0.1296906771015089,86.0499999999998,2.5-4.0%,2.0-3.0%,0.011915631703151464,0.028775404066115562,7.4472698144696645,552.4010000000009,0.6
false_break,2023-09-03 12:00:00+00:00,2023-09-03 18:00:00+00:00,-1,25896.1,26011.624,6,-0.0044610578426866,price_stop,0.8012588779384154,4.0,0.0073411311613201,False,,0.0041820969180687,0.0057499005641776,-0.0060610578426866,-0.0060610578426866,down,-0.1137846069607474,0.0073411311613201,4.0,0.8012588779384154,0.0085276676153184,1.3644268184509478e-05,0.0016,,False,,0,-1,0.9962827886099114,25895.746666666662,25990.8,25800.693333333336,190.10666666666293,0.0073411311613201,0.0252215356981794,0.8012588779384154,1.0,0.0214053944833635,57.878571428571114,0.5-1.0%,2.0-3.0%,1.36442681846205e-05,0.003684209848844544,0.008527667615387813,114.06399999999776,0.6
false_break,2023-09-04 05:00:00+00:00,2023-09-05 11:00:00+00:00,-1,25934.3,25780.2,30,0.0059419378969164,time_stop_max,0.7429435285624405,3.0,0.0067931915134267,False,,0.0148182137169693,0.0030808620244233,0.0043419378969164,0.0043419378969164,down,-0.1087011808696369,0.0067931915134267,3.0,0.7429435285624405,1.1522305081172746,0.0018435688129876,0.0016,,False,,0,-1,0.4572304315743656,25886.48833333333,25974.576666666664,25798.4,176.17666666666264,0.0067931915134267,0.0255873395832372,0.9905913714165874,1.0,0.0183861950000413,94.54285714285677,0.5-1.0%,2.0-3.0%,0.0018435688129877503,0.005240164569701,1.1522305081173438,105.70599999999759,0.6
false_break,2023-09-05 12:00:00+00:00,2023-09-05 14:00:00+00:00,1,25823.3,25717.163,2,-0.0041101253519107,price_stop,0.7436841171345718,3.0,0.0065757797544593,False,,0.0003020527972799,0.0079463120515194,-0.0057101253519107,-0.0057101253519107,down,-0.1107464711614949,0.0065757797544593,3.0,0.7436841171345718,0.9107771211785964,0.0014572433938857,0.0016,,False,,0,1,0.5567846100996131,25860.93083333333,25945.835,25776.02666666667,169.8083333333307,0.0065757797544593,0.0142082715934449,0.9915788228460958,0.6666666666666666,0.1083197264527436,90.57857142857158,0.5-1.0%,<=2.0%,0.0014572433938857543,0.004745133271115698,0.9107771211785964,101.88499999999841,0.6
false_break,2023-09-06 13:00:00+00:00,2023-09-06 14:00:00+00:00,1,25741.2,25623.298,1,-0.0045802837474555,price_stop,0.630940596031832,3.0,0.0073068660357713,False,,0.0,0.008010504560782,-0.0061802837474555,-0.0061802837474555,down,-0.1132927547614371,0.0073068660357713,3.0,0.630940596031832,1.519178156030032,0.002430685049648,0.0016,,False,,0,1,0.3346846547484368,25803.768750000003,25897.8125,25709.725,188.08749999999785,0.0073068660357713,0.0144088121190924,0.8412541280424426,0.6666666666666666,0.1026407167366348,58.892857142857665,0.5-1.0%,<=2.0%,0.0024306850496480514,0.006084118067533728,1.5191781560300321,112.8524999999987,0.6
false_break,2023-09-07 14:00:00+00:00,2023-09-08 20:00:00+00:00,1,25776.0,25909.4,30,0.0051753569211669,time_stop_max,0.7373429818338904,3.0,0.0057723593006414,False,,0.0261328367473618,0.0053305400372439,0.0035753569211669,0.0035753569211669,down,-0.1243464701745803,0.0057723593006414,3.0,0.7373429818338904,-0.5983642729670557,-0.0009573828367472,0.0016,,False,,0,1,1.3317128359077963,25751.3225,25825.716666666667,25676.928333333333,148.78833333333387,0.0057723593006414,0.016077001216119,0.9831239757785204,0.6666666666666666,0.0705729863188816,67.08571428571382,0.5-1.0%,<=2.0%,-0.0009573828367474002,0.0019287968135732747,-0.5983642729671251,89.27300000000032,0.6
false_break,2023-09-10 05:00:00+00:00,2023-09-10 13:00:00+00:00,1,25850.2,25786.386,8,-0.002468607592978,price_stop,0.7365386684186144,3.0,0.0042263373848816,False,,0.0011334535129321,0.0030483323146435,-0.004068607592978,-0.004068607592978,down,-0.122603725426306,0.0042263373848816,3.0,0.7365386684186144,0.6652712873916888,0.0010644340598267,0.0016,,False,,0,1,0.4962853350826,25877.715833333332,25932.341666666667,25823.09,109.251666666667,0.0042263373848816,0.0175830144188024,0.9820515578914858,1.0,0.0215784355188906,46.02142857142826,<=0.5%,<=2.0%,0.0010644340598267021,0.0031776027522676387,0.6652712873916888,65.5510000000002,0.6
false_break,2023-09-10 19:00:00+00:00,2023-09-11 00:00:00+00:00,1,25802.7,25668.95571428572,5,-0.0051833446001497,price_stop,0.8343900315303852,4.0,0.0050661364895919,False,,0.009584268313006,0.0056815759591051,-0.0067833446001497,-0.0067833446001497,down,-0.1224735494271168,0.0050661364895919,4.0,0.8343900315303852,1.1569767892506688,0.001851162862801,0.0016,,False,,0,1,0.2692013463892036,25850.465,25915.825,25785.105000000003,130.7199999999939,0.0050661364895919,0.0174820829550773,0.8343900315303852,1.0,0.0116365278777923,84.15714285714213,0.5-1.0%,<=2.0%,0.0018511628628010701,0.004384231107597225,1.1569767892506688,92.57285714285635,0.7081766917293504
false_break,2023-09-11 08:00:00+00:00,2023-09-11 09:00:00+00:00,1,25810.3,25689.88142857143,1,-0.004665523896606,price_stop,0.491471824582057,2.0,0.0046750070062467,False,,0.0003448235781839,0.0055636703176638,-0.006265523896606,-0.006265523896606,down,-0.1219821677025183,0.0046750070062467,2.0,0.491471824582057,0.8913592635498291,0.0014261748216797,0.0016,,False,,0,1,0.3898726484156647,25847.11,25907.441666666666,25786.778333333332,120.66333333333024,0.0046750070062467,0.0137149227448307,0.982943649164114,1.0,0.0435178838085725,122.05714285714332,<=0.5%,<=2.0%,0.0014261748216797265,0.003763678324803177,0.8913592635498291,134.26285714285765,1.1127063494256286
false_break,2023-09-12 17:00:00+00:00,2023-09-12 19:00:00+00:00,-1,25903.9,26170.202142857142,2,-0.0102803880055568,price_stop,0.4947518033846187,2.0,0.0162041237033805,False,,0.0008724554989789,0.0139399858708533,-0.0118803880055568,-0.0118803880055568,down,-0.1189119690883302,0.0162041237033805,2.0,0.4947518033846187,3.194137755318724,0.0051106204085099,0.0016,,False,,0,-1,0.3692197736747967,25771.515,25981.39,25561.64,419.75,0.0162041237033805,0.0146282863818416,0.9895036067692377,1.0,0.0878733694613993,242.728571428572,1.5-2.5%,<=2.0%,0.005110620408509958,0.013212682260200226,3.1941377553187236,267.00142857142924,0.6360963158342566
false_break,2023-09-12 23:00:00+00:00,2023-09-13 07:00:00+00:00,-1,25844.2,26035.933500000003,8,-0.0074188212442249,price_stop,0.4937109959111119,2.0,0.0150281301026924,False,,0.003277331083957,0.0104007862499129,-0.0090188212442249,-0.0090188212442249,down,-0.1181861607752149,0.0150281301026924,2.0,0.4937109959111119,2.1369639996595557,0.0034191423994552,0.0016,,False,,0,-1,0.5449676871186175,25755.835,25950.03,25561.64,388.3900000000031,0.0150281301026924,0.0161187496722218,0.9874219918222238,1.0,0.0816160115726919,240.25000000000026,1.5-2.5%,<=2.0%,0.0034191423994552883,0.010933207450801397,2.1369639996595553,264.2750000000003,0.680437189422998
false_break,2023-09-15 11:00:00+00:00,2023-09-15 22:00:00+00:00,-1,26430.4,26697.008000000005,11,-0.0100871723469944,price_stop,0.6224665570671986,3.0,0.0188051448332223,False,,0.007877292814335,0.0158756583328287,-0.0116871723469944,-0.0116871723469944,down,-0.0937630721755528,0.0188051448332223,3.0,0.6224665570671986,1.8994167227889824,0.0030390667564623,0.0016,,False,,0,-1,0.6767834777753642,26350.07625,26598.59,26101.5625,497.02750000000015,0.0188051448332223,0.0235798519633671,0.8299554094229314,1.0,0.0647297772564679,96.36428571428587,1.5-2.5%,2.0-3.0%,0.003039066756462372,0.012441639173073504,1.8994167227889824,298.21650000000005,0.6
false_break,2024-01-25 12:00:00+00:00,2024-01-26 02:00:00+00:00,-1,39863.7,40201.3845,14,-0.0084709773553384,price_stop,0.7352018827710669,3.0,0.0159894005490375,False,,0.0077438872959608,0.0096528922302747,-0.0100709773553384,-0.0100709773553384,down,-0.0678406824288143,0.0159894005490375,3.0,0.7352018827710669,0.3874399934442746,0.0006199039895108,0.0016,,False,,0,-1,0.922460634142018,39838.988333333335,40157.68666666667,39520.29,637.3966666666674,0.0159894005490375,0.0580549844771771,0.9802691770280892,0.6666666666666666,0.0919189950470716,204.62857142857007,1.5-2.5%,5.0-6.0%,0.0006199039895108394,0.008614604264029602,0.3874399934442746,382.43800000000044,0.6
false_break,2024-02-01 14:00:00+00:00,2024-02-02 20:00:00+00:00,1,42650.7,42948.5,30,0.0069823004077307,time_stop_max,0.7462696551259145,3.0,0.0255425663197401,False,,0.0197816214036348,0.0068556905279396,0.0053823004077307,0.0053823004077307,down,-0.0579593946301254,0.0255425663197401,3.0,0.7462696551259145,3.600895862592296,0.0057614333801476,0.0016,,False,,0,1,0.5488759188856409,42896.42916666666,43441.13333333333,42351.72499999999,1089.40833333334,0.0255425663197401,0.0499599822583392,0.9950262068345528,0.6666666666666666,0.0397420140095954,260.16428571428594,2.5-4.0%,4.0-5.0%,0.005761433380147674,0.018532716540017757,3.6008958625922958,653.645000000004,0.6
false_break,2024-04-26 13:00:00+00:00,2024-04-26 16:00:00+00:00,1,64498.0,63388.83000000001,3,-0.0171969673478246,price_stop,0.8383081520670024,4.0,0.0293201597982364,False,,0.0050389159353778,0.0182594809141368,-0.0187969673478246,-0.0187969673478246,down,-0.0777620809764298,0.0293201597982364,4.0,0.8383081520670024,4.6779955063205865,0.0074847928101129,0.0016,,False,,0,1,0.4894439278899745,64980.754166666666,65926.29999999999,64035.208333333336,1891.0916666666528,0.0293201597982364,0.0427024115665532,0.8383081520670024,1.0,0.020731473985796,433.90000000000146,2.5-4.0%,4.0-5.0%,0.007484792810112939,0.022144872709231045,4.6779955063205865,1134.6549999999916,0.6
false_break,2024-04-27 17:00:00+00:00,2024-04-28 22:00:00+00:00,1,63417.4,63159.8,29,-0.0040619766814785,time_stop_early,0.6170873518307783,3.0,0.0209324057750711,False,,0.015494170369646,0.0094832017711228,-0.0056619766814785,-0.0056619766814785,down,-0.1045661655589772,0.0209324057750711,3.0,0.6170873518307783,3.055444710363397,0.0048887115365814,0.0016,,False,,0,1,0.5329049523391626,63727.429375,64391.16875,63063.69,1327.4787499999948,0.0209324057750711,0.0455912260275314,0.8227831357743711,1.0,0.0179345072264278,330.19285714285746,1.5-2.5%,4.0-5.0%,0.004888711536581436,0.015354914424116961,3.0554447103633975,796.4872499999968,0.6
false_break,2024-04-29 14:00:00+00:00,2024-04-30 08:00:00+00:00,1,62845.0,62183.626,18,-0.0105238921155224,price_stop,0.624545609206824,3.0,0.0176629604582703,False,,0.0302506165963878,0.0165009149494789,-0.0121238921155224,-0.0121238921155224,down,-0.1030970944313381,0.0176629604582703,3.0,0.624545609206824,3.6531284807861386,0.0058450055692578,0.0016,,False,,0,1,0.3381624124600341,63212.329375,63767.34375,62657.315,1110.0287499999977,0.0176629604582703,0.0428254681377271,0.8327274789424319,0.6666666666666666,0.0318284240702127,548.1857142857136,1.5-2.5%,4.0-5.0%,0.005845005569257822,0.01467648579839298,3.6531284807861386,666.0172499999986,0.6
false_break,2024-05-06 02:00:00+00:00,2024-05-06 07:00:00+00:00,-1,63821.2,64483.343,5,-0.0103749694458894,price_stop,0.6177181168387569,3.0,0.0267825255035422,False,,0.0020870807819345,0.0119944469862678,-0.0119749694458894,-0.0119749694458894,down,-0.0556200059189109,0.0267825255035422,3.0,0.6177181168387569,6.610605015130791,0.0105769680242092,0.0016,,False,,0,-1,0.2101590253084715,63146.16520833333,64000.81166666667,62291.51875,1709.292916666673,0.0267825255035422,0.0584644847159298,0.8236241557850092,1.0,0.0354001643755067,391.41428571428696,2.5-4.0%,5.0-6.0%,0.010576968024209266,0.023968230775980315,6.6106050151307905,1025.5757500000036,0.5999999999999999
false_break,2024-05-06 15:00:00+00:00,2024-05-06 19:00:00+00:00,1,63641.2,62860.78928571428,4,-0.0122626649762374,price_stop,0.6086676606694648,3.0,0.0168599115038685,False,,0.0018352890894577,0.0150248581107835,-0.0138626649762374,-0.0138626649762374,down,-0.0656608959150596,0.0168599115038685,3.0,0.6086676606694648,0.9439394213182906,0.0015103030741092,0.0016,,False,,0,1,0.8208409250828157,63737.317500000005,64273.810000000005,63200.825,1072.9850000000006,0.0168599115038685,0.0598527671642273,0.8115568808926197,1.0,0.0216738936250097,626.2857142857148,1.5-2.5%,5.0-6.0%,0.001510303074109265,0.009940258826043546,0.9439394213182906,688.9142857142863,0.6420539762571573
false_break,2024-05-07 00:00:00+00:00,2024-05-07 03:00:00+00:00,1,63546.0,62902.61785714285,3,-0.010124667844666,price_stop,0.7391327302606647,3.0,0.0161345062369518,False,,0.007059452994681,0.011215497434929,-0.011724667844666,-0.011724667844666,down,-0.0792396402505553,0.0161345062369518,3.0,0.7391327302606647,2.116265513696092,0.0033860248219137,0.0016,,False,,0,1,0.5802753710356484,63761.168333333335,64273.810000000005,63248.526666666665,1025.28333333334,0.0161345062369518,0.0593496572060606,0.9855103070142196,1.0,0.0176649132226991,593.3000000000003,1.5-2.5%,5.0-6.0%,0.0033860248219137468,0.01145327794038975,2.1162655136960917,652.6300000000003,0.6365362420143987
false_break,2024-05-10 14:00:00+00:00,2024-05-11 15:00:00+00:00,-1,61059.8,61183.0,25,-0.0020176941293617,time_stop_early,0.4967118192142864,2.0,0.0217708705236505,False,,0.0147167203299062,0.0077956364088975,-0.0036176941293617,-0.0036176941293617,down,-0.1112615149940541,0.0217708705236505,2.0,0.4967118192142864,-12.728991701577709,-0.0203663867225243,0.0016,,False,,0,-1,2.870975871212834,62303.3675,62968.03,61638.705,1329.324999999997,0.0217708705236505,0.0545286634971947,0.9934236384285728,0.6666666666666666,0.0188983846465083,495.9357142857142,1.5-2.5%,5.0-6.0%,-0.020366386722524332,-0.009480951460699272,-12.728991701577707,797.5949999999982,0.6
false_break,2024-05-13 02:00:00+00:00,2024-05-13 06:00:00+00:00,-1,61041.9,61442.40214285714,4,-0.0065611021750164,price_stop,0.7290892958740177,3.0,0.0098217508520103,False,,0.0046836681033847,0.0086022879366467,-0.0081611021750164,-0.0081611021750164,down,-0.082512670670779,0.0098217508520103,3.0,0.7290892958740177,-0.5078052261370258,-0.0008124883618192,0.0016,,False,,0,-1,1.1654467465244085,61091.49583333333,61391.265,60791.72666666667,599.5383333333302,0.0098217508520103,0.0534610258237233,0.972119061165357,0.6666666666666666,0.0170753583988162,339.60000000000065,0.5-1.0%,5.0-6.0%,-0.0008124883618190193,0.004098387064185971,-0.5078052261368871,373.56000000000074,0.6230794250020198
false_break,2024-06-19 21:00:00+00:00,2024-06-20 14:00:00+00:00,1,65016.0,64971.3,17,-0.0006875230712439,time_stop_early,0.6232263214504062,3.0,0.0172455049526269,False,,0.0225944382921126,0.0054755752430171,-0.0022875230712439,-0.0022875230712439,down,-0.0677493407742084,0.0172455049526269,3.0,0.6232263214504062,4.308332516226865,0.0068933320259629,0.0016,,False,,0,1,0.2005647796456271,65464.176875000005,66024.79375,64903.560000000005,1121.233749999992,0.0172455049526269,0.0456768728764889,0.8309684286005417,0.6666666666666666,0.0600285533503701,303.6714285714302,1.5-2.5%,4.0-5.0%,0.006893332025962984,0.015516084502276373,4.308332516226865,672.7402499999952,0.6
false_break,2024-06-22 02:00:00+00:00,2024-06-22 18:00:00+00:00,1,64296.4,64268.2,16,-0.0004385937626368,time_stop_early,0.6231295032922188,3.0,0.0159891987213384,False,,0.0037855929725458,0.0014993063375243,-0.0020385937626368,-0.0020385937626368,down,-0.075064914514238,0.0159891987213384,3.0,0.6231295032922188,3.4047132855286044,0.0054475412568457,0.0016,,False,,0,1,0.3185973416446701,64646.65729166666,65160.68125,64132.63333333333,1028.0479166666628,0.0159891987213384,0.0397415243493096,0.8308393377229584,0.6666666666666666,0.0884918834753807,402.4357142857131,1.5-2.5%,3.0-4.0%,0.005447541256845767,0.013442140617515141,3.4047132855286044,616.8287499999976,0.6
false_break,2024-06-25 14:00:00+00:00,2024-06-26 06:00:00+00:00,1,61771.9,61588.8,16,-0.0029641309397961,time_stop_early,0.6221930028457014,3.0,0.0434101711295911,False,,0.0116493097994394,0.0103267019470018,-0.0045641309397961,-0.0045641309397961,down,-0.1084955151934997,0.0434101711295911,3.0,0.6221930028457014,7.815339327024162,0.0125045429232386,0.0016,,False,,0,1,0.4238887985071945,62544.329375,63885.09374999999,61203.565,2681.5287499999904,0.0434101711295911,0.0478450365702317,0.8295906704609353,0.6666666666666666,0.0657854019994911,468.99285714285725,4.0-8.0%,4.0-5.0%,0.01250454292323866,0.034209628488033994,7.815339327024162,1608.9172499999943,0.6
false_break,2024-06-26 17:00:00+00:00,2024-06-27 06:00:00+00:00,1,61257.1,60652.1565,13,-0.0098754838214673,price_stop,0.4130636337764752,2.0,0.0188721525069474,False,,0.00069379712719,0.0104004270525375,-0.0114754838214673,-0.0114754838214673,down,-0.1276912057256697,0.0188721525069474,2.0,0.4130636337764752,3.729142553815512,0.0059666280861048,0.0016,,True,exec_conf_low,0,1,0.367679115150389,61622.598333333335,62200.625,61044.57166666667,1156.0533333333296,0.0188721525069474,0.0526456435697247,0.8261272675529505,0.6666666666666666,0.070981691224534,342.48571428571347,1.5-2.5%,5.0-6.0%,0.005966628086104819,0.015402704339578577,3.729142553815512,693.6319999999978,0.6
false_break,2024-06-30 06:00:00+00:00,2024-07-01 12:00:00+00:00,1,61049.0,62898.5,30,0.030295336532949,time_stop_max,0.6296072546722626,3.0,0.0097237191982394,False,,0.0457173745679699,0.0001949253878033,0.028695336532949,0.028695336532949,down,-0.1059571613931187,0.0097237191982394,3.0,0.6296072546722626,0.8319478342533326,0.0013311165348053,0.0016,,False,,0,1,0.726212469186419,61130.26333333333,61427.07499999999,60833.45166666667,593.6233333333221,0.0097237191982394,0.0420516228499371,0.8394763395630168,0.6666666666666666,0.1058866737778813,159.14285714285765,0.5-1.0%,4.0-5.0%,0.0013311165348053322,0.006192976133924999,0.8319478342533326,356.1739999999932,0.6
false_break,2024-07-02 13:00:00+00:00,2024-07-03 19:00:00+00:00,-1,62629.0,59661.7,30,0.0473790097239298,time_stop_max,0.8334556717898051,4.0,0.0234145390580508,False,,0.0494611122642865,0.0019527694837855,0.0457790097239298,0.0457790097239298,down,-0.0814222269156531,0.0234145390580508,4.0,0.8334556717898051,4.44405663377459,0.0071104906140393,0.0016,,False,,0,-1,0.3926431268699702,62183.67708333333,62916.89166666666,61450.4625,1466.4291666666686,0.0234145390580508,0.0405496982758164,0.8334556717898051,0.6666666666666666,0.039395288455184,272.57142857142907,1.5-2.5%,4.0-5.0%,0.007110490614039344,0.018817760143064688,4.44405663377459,879.8575000000011,0.6
false_break,2024-07-12 19:00:00+00:00,2024-07-13 06:00:00+00:00,-1,57582.5,58206.96,11,-0.0108446142491207,price_stop,0.7416074187366407,3.0,0.0191583090927509,False,,0.0074223939564972,0.0115503842313202,-0.0124446142491207,-0.0124446142491207,down,-0.1474513485022565,0.0191583090927509,3.0,0.7416074187366407,-1.6615472003936316,-0.0026584755206298,0.0016,,False,,0,-1,1.2775271562599115,57735.581666666665,58287.17333333333,57183.99,1103.1833333333343,0.0191583090927509,0.0591660496064843,0.9888098916488542,0.6666666666666666,0.0243714290037343,460.5000000000005,1.5-2.5%,5.0-6.0%,-0.0026584755206298105,0.0069206790257456685,-1.6615472003936316,661.9100000000005,0.6
false_break,2024-08-18 17:00:00+00:00,2024-08-19 23:00:00+00:00,-1,59536.0,59433.0,30,0.0017300456866433,time_stop_max,0.6269791470434992,3.0,0.0171900474782764,False,,0.0291588282719699,0.0056990728298844,0.0001300456866433,0.0001300456866433,down,-0.1082739583224118,0.0171900474782764,3.0,0.6269791470434992,3.974870946430176,0.0063597935142882,0.0016,,False,,0,-1,0.2600609716377681,59157.363333333335,59669.07666666667,58645.65,1023.4266666666664,0.0171900474782764,0.0527838375064727,0.835972196057999,0.6666666666666666,0.028848798064706,316.42857142857196,1.5-2.5%,5.0-6.0%,0.006359793514288281,0.014954817253426511,3.9748709464301757,614.0559999999998,0.6
false_break,2024-08-20 14:00:00+00:00,2024-08-21 06:00:00+00:00,-1,59462.6,59627.5,16,-0.0027731717079306,time_stop_early,0.7412334467387288,3.0,0.0210480201000292,False,,0.0161883267801945,0.0048736516734888,-0.0043731717079306,-0.0043731717079306,down,-0.1163365085969891,0.0210480201000292,3.0,0.7412334467387288,0.5904446660589396,0.0009447114656943,0.0016,,False,,0,-1,0.9102327476689344,59406.425,60032.21,58780.64,1251.5699999999997,0.0210480201000292,0.0395719233435931,0.9883112623183052,1.0,0.0385208081575528,412.34999999999957,1.5-2.5%,3.0-4.0%,0.0009447114656943034,0.01146872151570899,0.5904446660589396,750.9419999999998,0.6
false_break,2024-08-21 14:00:00+00:00,2024-08-21 18:00:00+00:00,-1,59415.9,60318.728,4,-0.0151950572153245,price_stop,0.4962544040520247,2.0,0.0214193507125197,False,,0.0019506563058037,0.0241332707238297,-0.0167950572153245,-0.0167950572153245,down,-0.1096327243791949,0.0214193507125197,2.0,0.4962544040520247,1.3827843220416691,0.0022124549152666,0.0016,,False,,0,-1,0.7934153145012454,59284.44500000001,59920.77,58648.12,1272.6500000000017,0.0214193507125197,0.0378326853143399,0.9925088081040496,1.0,0.0220863495690228,449.80714285714305,1.5-2.5%,3.0-4.0%,0.0022124549152666706,0.012922130271526666,1.3827843220416691,763.5900000000009,0.6
false_break,2024-08-22 02:00:00+00:00,2024-08-22 10:00:00+00:00,-1,60171.7,61281.87425,8,-0.0184501061130066,price_stop,0.4139297834724843,2.0,0.0336106231556252,False,,0.0017533159275872,0.0204132507474443,-0.0200501061130066,-0.0200501061130066,down,-0.1107464080608404,0.0336106231556252,2.0,0.4139297834724843,3.915055097883785,0.006264088156614,0.0016,,True,exec_conf_low,0,-1,0.6272554586322386,59794.77916666666,60805.98333333333,58783.575,2022.4083333333328,0.0336106231556252,0.0373334183580315,0.8278595669449687,1.0,0.0236117027833119,776.1928571428574,2.5-4.0%,3.0-4.0%,0.006264088156614056,0.023069399734426677,3.915055097883785,1213.4449999999997,0.6
false_break,2024-08-23 11:00:00+00:00,2024-08-23 14:00:00+00:00,-1,60736.1,61634.995,3,-0.0148000118545641,price_stop,0.4177014196333383,2.0,0.0247826937631273,False,,1.646467257532258e-06,0.0262002334690572,-0.0164000118545641,-0.0164000118545641,down,-0.0847621343861605,0.0247826937631273,2.0,0.4177014196333383,4.480813476938211,0.0071693015631011,0.0016,,True,exec_conf_low,0,-1,0.4214267721156356,60300.66458333333,61053.26666666667,59548.06249999999,1505.204166666677,0.0247826937631273,0.0361149542722943,0.8354028392666766,1.0,0.0247517415917763,297.3000000000019,1.5-2.5%,3.0-4.0%,0.007169301563101138,0.019560648444664763,4.480813476938211,903.1225000000062,0.6
false_break,2024-08-26 00:00:00+00:00,2024-08-27 06:00:00+00:00,-1,64108.1,62780.5,30,0.0207087715904854,time_stop_max,0.6275075911202309,3.0,0.0293735632990735,False,,0.0227443957939792,0.0017735668347682,0.0191087715904854,0.0191087715904854,down,-0.055462816309993,0.0293735632990735,3.0,0.6275075911202309,7.321698948078783,0.011714718316926,0.0016,,False,,0,-1,0.202363145550302,63357.091666666674,64298.63333333334,62415.55,1883.083333333336,0.0293735632990735,0.0565072327239886,0.8366767881603079,0.6666666666666666,0.046042926971465,284.8928571428592,2.5-4.0%,5.0-6.0%,0.011714718316926054,0.026401499966462794,7.321698948078783,1129.8500000000015,0.6
false_break,2024-09-08 17:00:00+00:00,2024-09-09 23:00:00+00:00,1,54500.1,57035.2,30,0.0465155109807138,time_stop_max,0.624548436424615,3.0,0.0351387275742002,False,,0.0671815281072878,0.0058954020267851,0.0449155109807138,0.0449155109807138,down,-0.0947503924125273,0.0351387275742002,3.0,0.624548436424615,5.602976148973426,0.0089647618383574,0.0016,,False,,0,1,0.4897503434393173,54988.68041666667,55946.2125,54031.14833333333,1915.0641666666704,0.0351387275742002,0.050965400399841,0.8327312485661533,0.6666666666666666,0.1139259048756578,319.12142857142993,2.5-4.0%,5.0-6.0%,0.008964761838357482,0.02653412562545765,5.602976148973426,1149.0385000000022,0.6
false_break,2024-09-12 21:00:00+00:00,2024-09-13 13:00:00+00:00,-1,57924.3,58042.5,16,-0.0020405943619516,time_stop_early,0.4156962354392305,2.0,0.0244374122777487,False,,0.005192984636845,0.007439019547927,-0.0036405943619516,-0.0036405943619516,down,-0.0509953814823491,0.0244374122777487,2.0,0.4156962354392305,5.680258544341552,0.0090884136709464,0.0016,,True,exec_conf_low,0,-1,0.2561885384876218,57397.86,58105.62,56690.1,1415.520000000004,0.0244374122777487,0.0485562922450117,0.831392470878461,1.0,0.0269561031757166,456.1499999999999,1.5-2.5%,4.0-5.0%,0.009088413670946482,0.021307119809820807,5.680258544341552,849.3120000000024,0.6
false_break,2025-01-10 15:00:00+00:00,2025-01-11 21:00:00+00:00,1,93746.2,94939.6,30,0.0127301159940349,time_stop_max,0.4151070060694861,2.0,0.0258971341416148,False,,0.022493711745116,0.0058829051204208,0.0111301159940349,0.0111301159940349,down,-0.0659742806215931,0.0258971341416148,2.0,0.4151070060694861,4.53903259323235,0.0072624521491717,0.0016,,True,exec_conf_low,0,1,0.4391308235530658,94427.02729166669,95640.90625,93213.14833333336,2427.757916666654,0.0258971341416148,0.0586982725887185,0.8302140121389723,1.0,0.0194363057153171,855.6857142857147,2.5-4.0%,5.0-6.0%,0.007262452149171761,0.020211019219979143,4.53903259323235,1456.6547499999924,0.6
false_break,2025-01-13 01:00:00+00:00,2025-01-13 04:00:00+00:00,-1,94220.0,94920.82571428572,3,-0.0074381841889803,price_stop,0.4894590899066258,2.0,0.0094190193164932,False,,0.0033963065166631,0.0075355550838462,-0.0090381841889803,-0.0090381841889803,down,-0.0776932346224288,0.0094190193164932,2.0,0.4894590899066258,-1.8223638824028945,-0.0029157822118446,0.0016,,False,,0,-1,1.619126495842085,94494.725,94938.455,94050.995,887.4599999999919,0.0094190193164932,0.0333115988013396,0.9789181798132516,0.6666666666666666,0.0567299685186878,595.4499999999991,0.5-1.0%,3.0-4.0%,-0.002915782211844631,0.0017937274464020492,-1.8223638824028943,654.9949999999991,0.7380557996980203
false_break,2025-01-13 20:00:00+00:00,2025-01-15 02:00:00+00:00,1,93595.9,96822.0,30,0.0344683901752107,time_stop_max,0.4882718701445296,2.0,0.0168031220740796,False,,0.0424174563202022,0.0020278666052678,0.0328683901752107,0.0328683901752107,down,-0.0711531800999745,0.0168031220740796,2.0,0.4882718701445296,3.1892756520318644,0.0051028410432509,0.0016,,False,,0,1,0.3926317953587346,94073.505,94859.85666666667,93287.15333333332,1572.703333333353,0.0168031220740796,0.0389736137305518,0.9765437402890592,0.6666666666666666,0.044337004840725,1227.249999999998,1.5-2.5%,3.0-4.0%,0.005102841043250983,0.0135044020802908,3.1892756520318644,1349.9749999999979,0.8583786728160097
false_break,2025-02-16 16:00:00+00:00,2025-02-16 18:00:00+00:00,1,97057.3,96673.633,2,-0.0039529947773119,price_stop,0.7336224607340616,3.0,0.0068249546058531,False,,0.0012075341061414,0.0049671688785903,-0.0055529947773119,-0.0055529947773119,down,-0.0755752099443672,0.0068249546058531,3.0,0.7336224607340616,1.6187012294112402,0.0025899219670579,0.0016,,False,,0,1,0.2410434598827153,97308.67083333334,97639.87666666666,96977.465,662.4116666666669,0.0068249546058531,0.0209889060887512,0.9781632809787488,1.0,0.0320320462837207,249.18571428571573,0.5-1.0%,2.0-3.0%,0.0025899219670579843,0.006002399269984471,1.6187012294112402,397.4470000000001,0.6
false_break,2025-02-20 15:00:00+00:00,2025-02-20 16:00:00+00:00,-1,96912.5,97875.68325,1,-0.009938689539533,price_stop,0.4936998460728576,2.0,0.0158617825357924,False,,0.0003972655746162,0.0110223139429896,-0.011538689539533,-0.011538689539533,down,-0.0677348976179803,0.0158617825357924,2.0,0.4936998460728576,4.815377918225214,0.0077046046691603,0.0016,,False,,0,-1,0.0285323037590863,96165.8275,96934.43,95397.225,1537.2049999999872,0.0158617825357924,0.0231592487920941,0.9873996921457152,1.0,0.0276146792453221,400.0428571428565,1.5-2.5%,2.0-3.0%,0.007704604669160342,0.015635495937056598,4.815377918225214,922.3229999999922,0.6
false_break,2025-02-21 15:00:00+00:00,2025-02-22 21:00:00+00:00,-1,98129.5,96652.4,30,0.0150525580992464,time_stop_max,0.618931836279173,3.0,0.0235405637448474,False,,0.033515915193698,0.0065882328963258,0.0134525580992464,0.0134525580992464,down,-0.0581216663835161,0.0235405637448474,3.0,0.618931836279173,5.6953240042494775,0.0091125184067991,0.0016,,False,,0,-1,0.225802873238852,97235.293125,98390.305,96080.28125,2310.023750000008,0.0235405637448474,0.0260575289245109,0.8252424483722307,1.0,0.0198905304907333,544.8499999999985,1.5-2.5%,2.0-3.0%,0.009112518406799164,0.020882800279222846,5.6953240042494775,1386.0142500000047,0.6
false_break,2025-02-23 23:00:00+00:00,2025-02-24 03:00:00+00:00,1,96268.1,95750.281,4,-0.0053789261447977,price_stop,0.4191950618782411,2.0,0.0168127517491949,False,,0.00274130267451,0.0099981198340883,-0.0069789261447977,-0.0069789261447977,down,-0.082012156164953,0.0168127517491949,2.0,0.4191950618782411,3.635577145146285,0.005816923432234,0.0016,,True,exec_conf_low,0,1,0.3080343397668156,96828.08416666668,97637.35,96018.81833333331,1618.5316666666768,0.0168127517491949,0.024303241381351,0.8383901237564823,1.0,0.0096001950031322,320.0071428571443,1.5-2.5%,2.0-3.0%,0.005816923432234278,0.014223299306831638,3.6355771451464234,971.119000000006,0.6
false_break,2025-02-24 11:00:00+00:00,2025-02-24 14:00:00+00:00,1,95830.0,95215.99571428572,3,-0.0064072241022047,price_stop,0.8090429011763741,4.0,0.0086621969459806,False,,0.0028174893039758,0.0132421997286862,-0.0080072241022047,-0.0080072241022047,down,-0.0845022655774572,0.0086621969459806,4.0,0.8090429011763741,2.07937123899965,0.0033269939823994,0.0016,,False,,0,1,0.2318359873026975,96148.82583333334,96563.875,95733.77666666669,830.0983333333279,0.0086621969459806,0.0239556584651863,0.8090429011763741,1.0,0.013237996478219,491.0071428571412,0.5-1.0%,2.0-3.0%,0.00332699398239944,0.007658092455389731,2.07937123899965,540.1078571428554,0.6506552723386494
false_break,2025-03-17 00:00:00+00:00,2025-03-18 04:00:00+00:00,1,83057.9,83003.9,28,-0.0006501488720519,time_stop_early,0.7409815963581666,3.0,0.0199545337248676,False,,0.0205964754707259,0.007391229491716,-0.0022501488720519,-0.0022501488720519,down,-0.147911735950601,0.0199545337248676,3.0,0.7409815963581666,4.542181568520376,0.0072674905096326,0.0016,,False,,0,1,0.2715950560572874,83661.5225,84490.21333333335,82832.83166666667,1657.3816666666826,0.0199545337248676,0.0571740679293416,0.9879754618108888,0.6666666666666666,0.0315475950553879,804.5142857142835,1.5-2.5%,5.0-6.0%,0.0072674905096326015,0.017244757372066433,4.542181568520376,994.4290000000095,0.6
false_break,2025-03-20 15:00:00+00:00,2025-03-21 21:00:00+00:00,-1,84677.5,84389.4,30,0.0034023205692185,time_stop_max,0.625905770018473,3.0,0.0307947998779683,False,,0.0177910306752089,0.0028142068436125,0.0018023205692185,0.0018023205692185,down,-0.1137876648745838,0.0307947998779683,3.0,0.625905770018473,3.883016936809258,0.0062128270988948,0.0016,,False,,0,-1,0.5965015441883245,84151.41333333333,85455.22666666665,82847.59999999999,2607.626666666664,0.0307947998779683,0.0350274367516009,0.8345410266912974,1.0,0.0474652575392428,655.5785714285697,2.5-4.0%,3.0-4.0%,0.006212827098894813,0.02161022703787907,3.883016936809258,1564.5759999999982,0.6
false_break,2025-03-26 20:00:00+00:00,2025-03-27 12:00:00+00:00,1,87285.3,86750.1,16,-0.0061316166639743,time_stop_early,0.4903919332217387,2.0,0.0162969022275229,False,,0.0053181921812721,0.0084172248935386,-0.0077316166639743,-0.0077316166639743,down,-0.071711465283819,0.0162969022275229,2.0,0.4903919332217387,0.5612581194465449,0.0008980129911144,0.0016,,False,,0,1,0.889793412443998,87363.68333333333,88074.92333333334,86652.44333333333,1422.4800000000105,0.0162969022275229,0.0368088869401254,0.9807838664434774,0.6666666666666666,0.0746236453720326,593.6285714285738,1.5-2.5%,3.0-4.0%,0.0008980129911144719,0.009046464104875973,0.5612581194465449,853.4880000000063,0.6
false_break,2025-04-04 13:00:00+00:00,2025-04-04 14:00:00+00:00,1,83350.1,81956.66625000002,1,-0.016717841370316,price_stop,0.838697774872911,4.0,0.0268917043890766,False,,0.0022255522188936,0.0179975788871279,-0.018317841370316,-0.018317841370316,down,-0.0683652540336325,0.0268917043890766,4.0,0.838697774872911,2.7308989806250348,0.004369438369,0.0016,,False,,0,1,0.6750344786048683,83714.293125,84835.00624999998,82593.58,2241.426249999975,0.0268917043890766,0.0563533926893196,0.838697774872911,1.0,0.0303213994722269,808.8714285714284,2.5-4.0%,5.0-6.0%,0.004369438369000056,0.017815290563538255,2.7308989806250348,1344.855749999985,0.6
false_break,2025-06-23 05:00:00+00:00,2025-06-23 16:00:00+00:00,1,101707.6,100530.1585,11,-0.011576730745785,price_stop,0.4111937160284115,2.0,0.0197545258826937,False,,0.0085775300960793,0.0210239942737809,-0.013176730745785,-0.013176730745785,down,-0.0599081237464067,0.0197545258826937,2.0,0.4111937160284115,4.279891827569104,0.0068478269241105,0.0016,,True,exec_conf_low,0,1,0.3067080460675924,102404.07604166667,103408.66875,101399.48333333334,2009.18541666666,0.0197545258826937,0.0354809775585236,0.822387432056823,0.6666666666666666,0.0771332727875692,796.4142857142849,1.5-2.5%,3.0-4.0%,0.006847826924110567,0.0167250898654574,4.279891827569104,1205.511249999996,0.6
false_break,2025-08-27 14:00:00+00:00,2025-08-28 04:00:00+00:00,-1,111758.4,112929.64175,14,-0.0104801227469255,price_stop,0.416223078770651,2.0,0.0210103856473726,False,,0.0083966842760812,0.0115570731148622,-0.0120801227469255,-0.0120801227469255,down,-0.0530185043646845,0.0210103856473726,2.0,0.416223078770651,3.600259531199995,0.0057604152499199,0.0016,,True,exec_conf_low,0,-1,0.4516602078039111,111114.62520833334,112288.66875,109940.58166666668,2348.087083333332,0.0210103856473726,0.0412557622117547,0.832446157541302,0.6666666666666666,0.0567844730207066,533.9285714285714,1.5-2.5%,4.0-5.0%,0.005760415249919992,0.01626560807360622,3.600259531199995,1408.8522499999992,0.6
false_break,2025-08-30 15:00:00+00:00,2025-08-31 07:00:00+00:00,1,108824.1,108659.2,16,-0.0015152893522667,time_stop_early,0.6181902496652786,3.0,0.0230424487774306,False,,0.0056246732111728,0.0036857644584242,-0.0031152893522667,-0.0031152893522667,down,-0.0800150478911817,0.0230424487774306,3.0,0.6181902496652786,5.230814423229646,0.0083693030771674,0.0016,,False,,0,1,0.2735752039197309,109734.881875,110988.66875,108481.095,2507.573749999996,0.0230424487774306,0.0393438599010426,0.8242536662203714,0.6666666666666666,0.0811736257954081,369.499999999999,1.5-2.5%,3.0-4.0%,0.008369303077167656,0.019890527465882935,5.230814423229784,1504.5442499999974,0.6
false_break,2025-10-31 08:00:00+00:00,2025-11-01 00:00:00+00:00,1,110020.2,109677.1,16,-0.003118518235742,time_stop_early,0.6222845781096357,3.0,0.0261208964353817,False,,0.0099154518897439,0.0132184816969974,-0.004718518235742,-0.004718518235742,down,-0.0520958620380678,0.0261208964353817,3.0,0.6222845781096357,6.272956721811023,0.0100367307548976,0.0016,,False,,0,1,0.2315171280796813,111124.443125,112561.35624999998,109687.53,2873.826249999984,0.0261208964353817,0.0413438566695885,0.8297127708128476,1.0,0.0477824672427723,833.4571428571404,2.5-4.0%,4.0-5.0%,0.01003673075489786,0.02309717897258845,6.272956721811163,1724.2957499999904,0.6
false_break,2025-11-02 14:00:00+00:00,2025-11-03 20:00:00+00:00,-1,110364.1,106600.0,30,0.0341061993891129,time_stop_max,0.6184518969369243,3.0,0.008793125814161,False,,0.0463384379521965,0.0033815343938834,0.0325061993891129,0.0325061993891129,down,-0.0867958531679211,0.008793125814161,3.0,0.6184518969369243,1.9061680930815976,0.0030498689489305,0.0016,,False,,0,-1,0.3063060819580669,110027.50395833334,110512.72666666668,109542.28125,970.4454166666546,0.008793125814161,0.0314405495462182,0.8246025292492324,0.6666666666666666,0.0255597797049453,483.414285714288,0.5-1.0%,3.0-4.0%,0.0030498689489305564,0.0074464318560112375,1.9061680930815976,582.2672499999927,0.6
false_break,2025-11-05 14:00:00+00:00,2025-11-06 07:00:00+00:00,1,103169.1,103149.6,17,-0.0001890100815069,time_stop_early,0.6181046130993941,3.0,0.0407850961835146,False,,0.0129001803834674,0.0049055385769577,-0.0017890100815069,-0.0017890100815069,down,-0.1712226921640216,0.0407850961835146,3.0,0.6181046130993941,8.576902911498346,0.0137230446583973,0.0016,,False,,0,1,0.3270559129418394,104584.89416666668,106688.77499999998,102481.01333333334,4207.761666666644,0.0407850961835146,0.0578568956116029,0.8241394841325256,0.6666666666666666,0.0787423242755939,918.0642857142864,4.0-8.0%,5.0-6.0%,0.013723044658397354,0.03411559275015463,8.576902911498346,2524.656999999986,0.6
false_break,2025-11-13 05:00:00+00:00,2025-11-13 15:00:00+00:00,1,103099.7,101155.741,10,-0.0188551373088378,price_stop,0.4200643073064912,2.0,0.0356986206878714,False,,0.0087323241483729,0.0191930723367769,-0.0204551373088378,-0.0204551373088378,down,-0.0830789781681448,0.0356986206878714,2.0,0.4200643073064912,6.988594585710106,0.0111817513371361,0.0016,,True,exec_conf_low,0,1,0.3735471499079471,104252.53520833331,106092.79375,102412.27666666666,3680.51708333334,0.0356986206878714,0.0451378051810946,0.8401286146129825,0.6666666666666666,0.053618313355042,795.3785714285706,2.5-4.0%,4.0-5.0%,0.011181751337135948,0.029031061681071835,6.988594585709967,2208.310250000004,0.6
false_break,2025-11-16 02:00:00+00:00,2025-11-16 15:00:00+00:00,1,95918.0,94820.156,13,-0.0114456514939844,price_stop,0.6234348177407706,3.0,0.0407731169679654,False,,0.0069778352342626,0.0166392126608144,-0.0130456514939844,-0.0130456514939844,down,-0.1193194599383914,0.0407731169679654,3.0,0.6234348177407706,9.493620744629032,0.0151897931914064,0.0016,,False,,0,1,0.2549113572386015,97374.97458333331,99330.4125,95419.53666666668,3910.87583333331,0.0407731169679654,0.049479613062068,0.8312464236543607,0.6666666666666666,0.0768770235223705,529.1642857142859,4.0-8.0%,4.0-5.0%,0.015189793191406453,0.03557635167538953,9.493620744629032,2346.5254999999856,0.6
false_break,2025-11-28 16:00:00+00:00,2025-11-29 15:00:00+00:00,-1,90893.4,91025.6,23,-0.0014544510382492,time_stop_early,0.6287399503634168,3.0,0.0344736847413198,False,,0.0079191668481978,0.0033687814516787,-0.0030544510382492,-0.0030544510382492,down,-0.1816499818581406,0.0344736847413198,3.0,0.6287399503634168,5.20134397592846,0.0083221503614855,0.0016,,False,,0,-1,0.5171882307370087,90136.97145833334,91703.68666666668,88570.25624999999,3133.4304166666843,0.0344736847413198,0.0566335611504167,0.838319933817889,1.0,0.0486061623577742,730.8428571428584,2.5-4.0%,5.0-6.0%,0.008322150361485536,0.02555899273214557,5.20134397592846,1880.0582500000105,0.6
false_break,2025-11-29 18:00:00+00:00,2025-11-30 23:00:00+00:00,1,90650.1,90316.5,29,-0.0036800841918542,time_stop_early,0.4906037408072117,2.0,0.0085572805030919,False,,0.0141831062513995,0.0038621027445089,-0.0052800841918542,-0.0052800841918542,down,-0.1511423747573523,0.0085572805030919,2.0,0.4906037408072117,2.145606890303076,0.0034329710244849,0.0016,,False,,0,1,0.1976490607630462,90961.29916666666,91349.15833333334,90573.44,775.7183333333378,0.0085572805030919,0.045611179712081,0.9812074816144234,1.0,0.0460653097973791,332.5928571428573,0.5-1.0%,4.0-5.0%,0.003432971024484921,0.0077116112760309274,2.1456068903030756,465.43100000000265,0.6
